INSERT INTO "EQUIPMENT_MODEL"("ID_EQUIPMENT", "ID_MARK", "MODEL", "COD_SAP", "STATUS", "DESCRIPTION", "BW_MAX_HW", "BW_BAS_LIC", "ID_ELECTRICAL_POWER", "DUAL_STACK", "ID_BAND", "ID_RADIO", "MULTIVRF", "MODULE_SLOTS", "BW_ENCRIPTADO", "FULL_TABLE", "IMG_URL") VALUES ('1', '1', 'C881', '4010405', 'Activo', 'C881 (4FE)(30Mb)', '30000', '30000', '2', 'Si', NULL, NULL, 'No', '0', '10000', 'No', 'ROUTER-1-C881-351.jpg');
INSERT INTO "EQUIPMENT_MODEL"("ID_EQUIPMENT", "ID_MARK", "MODEL", "COD_SAP", "STATUS", "DESCRIPTION", "BW_MAX_HW", "BW_BAS_LIC", "ID_ELECTRICAL_POWER", "DUAL_STACK", "ID_BAND", "ID_RADIO", "MULTIVRF", "MODULE_SLOTS", "BW_ENCRIPTADO", "FULL_TABLE", "IMG_URL") VALUES ('1', '1', 'C1841', '4009064', 'Descontinuado', 'C1841 (2XFE , 2 WAN SLOTS)', '30000', '30000', '2', 'No', NULL, NULL, 'No', '2', '10000', 'No', 'ROUTER-1-C1841-80.PNG');
INSERT INTO "EQUIPMENT_MODEL"("ID_EQUIPMENT", "ID_MARK", "MODEL", "COD_SAP", "STATUS", "DESCRIPTION", "BW_MAX_HW", "BW_BAS_LIC", "ID_ELECTRICAL_POWER", "DUAL_STACK", "ID_BAND", "ID_RADIO", "MULTIVRF", "MODULE_SLOTS", "BW_ENCRIPTADO", "FULL_TABLE", "IMG_URL") VALUES ('1', '1', 'C1921', '4010406', 'Descontinuado', 'C1921 IPBASE (2GE,2EHWIC,512DRAM 60Mb)', '60000', '60000', '2', 'Si', NULL, NULL, 'Si', '2', '15000', 'No', 'ROUTER-1-C1921-709.jpg');
INSERT INTO "EQUIPMENT_MODEL"("ID_EQUIPMENT", "ID_MARK", "MODEL", "COD_SAP", "STATUS", "DESCRIPTION", "BW_MAX_HW", "BW_BAS_LIC", "ID_ELECTRICAL_POWER", "DUAL_STACK", "ID_BAND", "ID_RADIO", "MULTIVRF", "MODULE_SLOTS", "BW_ENCRIPTADO", "FULL_TABLE", "IMG_URL") VALUES ('1', '1', 'C881-3G', '4010534', 'Descontinuado', '(881G+7-K9) WAN FE 3.7G HSPA+ R7 SMS/GPS', '30000', '30000', '2', 'Si', NULL, NULL, 'No', '0', '10000', 'No', 'ROUTER-1-C881-3G-278.jpg');
INSERT INTO "EQUIPMENT_MODEL"("ID_EQUIPMENT", "ID_MARK", "MODEL", "COD_SAP", "STATUS", "DESCRIPTION", "BW_MAX_HW", "BW_BAS_LIC", "ID_ELECTRICAL_POWER", "DUAL_STACK", "ID_BAND", "ID_RADIO", "MULTIVRF", "MODULE_SLOTS", "BW_ENCRIPTADO", "FULL_TABLE", "IMG_URL") VALUES ('1', '1', 'C1941', '4010406', 'Descontinuado', 'C1941 - (2GE,2EHWIC,512DRAM)(60Mb)', '60000', '60000', '2', 'Si', NULL, NULL, 'Si', '2', '20000', 'No', 'ROUTER-1-C1941-263.jpg');
INSERT INTO "EQUIPMENT_MODEL"("ID_EQUIPMENT", "ID_MARK", "MODEL", "COD_SAP", "STATUS", "DESCRIPTION", "BW_MAX_HW", "BW_BAS_LIC", "ID_ELECTRICAL_POWER", "DUAL_STACK", "ID_BAND", "ID_RADIO", "MULTIVRF", "MODULE_SLOTS", "BW_ENCRIPTADO", "FULL_TABLE", "IMG_URL") VALUES ('1', '1', 'C2801', '4009043', 'Descontinuado', 'c2801 (ROUTER/AC PWR,2FE,4SLOTS,2HWICS)', '30000', '30000', '2', 'No', NULL, NULL, 'No', '4', '14000', 'No', 'ROUTER-1-C2801-424.jpg');
INSERT INTO "EQUIPMENT_MODEL"("ID_EQUIPMENT", "ID_MARK", "MODEL", "COD_SAP", "STATUS", "DESCRIPTION", "BW_MAX_HW", "BW_BAS_LIC", "ID_ELECTRICAL_POWER", "DUAL_STACK", "ID_BAND", "ID_RADIO", "MULTIVRF", "MODULE_SLOTS", "BW_ENCRIPTADO", "FULL_TABLE", "IMG_URL") VALUES ('1', '1', 'C2811', '4009049', 'Descontinuado', 'C2811 (W/ AC PWR, 2FE, 4HWICS, 2PVDMS)', '50000', '50000', '2', 'No', NULL, NULL, 'No', '4', '20000', 'No', 'ROUTER-1-C2811-432.jpg');
INSERT INTO "EQUIPMENT_MODEL"("ID_EQUIPMENT", "ID_MARK", "MODEL", "COD_SAP", "STATUS", "DESCRIPTION", "BW_MAX_HW", "BW_BAS_LIC", "ID_ELECTRICAL_POWER", "DUAL_STACK", "ID_BAND", "ID_RADIO", "MULTIVRF", "MODULE_SLOTS", "BW_ENCRIPTADO", "FULL_TABLE", "IMG_URL") VALUES ('1', '1', 'C2901', '4010407', 'Descontinuado', 'C2901 IPBASE (2GE,4EHWIC,2 DSP,256CF,512DRAM) (80Mb)', '80000', '80000', '2', 'Si', NULL, NULL, 'Si', '4', '22000', 'No', 'ROUTER-1-C2901-318.jpg');
INSERT INTO "EQUIPMENT_MODEL"("ID_EQUIPMENT", "ID_MARK", "MODEL", "COD_SAP", "STATUS", "DESCRIPTION", "BW_MAX_HW", "BW_BAS_LIC", "ID_ELECTRICAL_POWER", "DUAL_STACK", "ID_BAND", "ID_RADIO", "MULTIVRF", "MODULE_SLOTS", "BW_ENCRIPTADO", "FULL_TABLE", "IMG_URL") VALUES ('1', '1', 'C2911', '4010746', 'Descontinuado', 'C2911 BASE (3GE,3 DSP,256CF,512DRAM)', '90000', '90000', '2', 'Si', NULL, NULL, 'Si', '4', '25000', 'No', 'ROUTER-1-C2911-993.png');
INSERT INTO "EQUIPMENT_MODEL"("ID_EQUIPMENT", "ID_MARK", "MODEL", "COD_SAP", "STATUS", "DESCRIPTION", "BW_MAX_HW", "BW_BAS_LIC", "ID_ELECTRICAL_POWER", "DUAL_STACK", "ID_BAND", "ID_RADIO", "MULTIVRF", "MODULE_SLOTS", "BW_ENCRIPTADO", "FULL_TABLE", "IMG_URL") VALUES ('1', '1', 'C2921', '4010408', 'Descontinuado', 'C2921 IPBASE(3GE,4EHWIC,3 DSP,1 SM,256CF,512DRAM) (100Mb)', '110000', '110000', '2', 'Si', NULL, NULL, 'Si', '4', '30000', 'No', 'ROUTER-1-C2921-648.jpg');
INSERT INTO "EQUIPMENT_MODEL"("ID_EQUIPMENT", "ID_MARK", "MODEL", "COD_SAP", "STATUS", "DESCRIPTION", "BW_MAX_HW", "BW_BAS_LIC", "ID_ELECTRICAL_POWER", "DUAL_STACK", "ID_BAND", "ID_RADIO", "MULTIVRF", "MODULE_SLOTS", "BW_ENCRIPTADO", "FULL_TABLE", "IMG_URL") VALUES ('1', '1', 'C3825', '4008948', 'Descontinuado', 'c3825 (W/AC PWR, 2GE,1SFP, 2NME, 4HWIC, IP BASE, 64F/256D)', '100000', '100000', '2', 'Si', NULL, NULL, 'Si', '4', '30000', 'No', 'ROUTER-1-C3825-513.jpg');
INSERT INTO "EQUIPMENT_MODEL"("ID_EQUIPMENT", "ID_MARK", "MODEL", "COD_SAP", "STATUS", "DESCRIPTION", "BW_MAX_HW", "BW_BAS_LIC", "ID_ELECTRICAL_POWER", "DUAL_STACK", "ID_BAND", "ID_RADIO", "MULTIVRF", "MODULE_SLOTS", "BW_ENCRIPTADO", "FULL_TABLE", "IMG_URL") VALUES ('1', '1', 'C3845 48V', '4009051', 'Descontinuado', 'C3845 (W/DC PWR, 2GE,1 SFP)', '200000', '200000', '1', 'Si', NULL, NULL, 'Si', '4', '60000', 'Si', 'ROUTER-1-C384548V-660.jpg');
INSERT INTO "EQUIPMENT_MODEL"("ID_EQUIPMENT", "ID_MARK", "MODEL", "COD_SAP", "STATUS", "DESCRIPTION", "BW_MAX_HW", "BW_BAS_LIC", "ID_ELECTRICAL_POWER", "DUAL_STACK", "ID_BAND", "ID_RADIO", "MULTIVRF", "MODULE_SLOTS", "BW_ENCRIPTADO", "FULL_TABLE", "IMG_URL") VALUES ('1', '1', 'C3845 220V', '4009369', 'Descontinuado', 'c3845 (W/AC PWR,2GE,1SFP,4NME,4HWIC, IP BASE)', '200000', '200000', '2', 'Si', NULL, NULL, 'Si', '4', '60000', 'Si', 'ROUTER-1-C3845220V-664.jpg');
INSERT INTO "EQUIPMENT_MODEL"("ID_EQUIPMENT", "ID_MARK", "MODEL", "COD_SAP", "STATUS", "DESCRIPTION", "BW_MAX_HW", "BW_BAS_LIC", "ID_ELECTRICAL_POWER", "DUAL_STACK", "ID_BAND", "ID_RADIO", "MULTIVRF", "MODULE_SLOTS", "BW_ENCRIPTADO", "FULL_TABLE", "IMG_URL") VALUES ('1', '1', 'C3925', '4010409', 'Descontinuado', 'C3925 IPBASE(3GE,4EHWIC,4DSP,2SM,256MBCF,1GBDRAM,IPB)(200Mb)', '210000', '210000', '2', 'Si', NULL, NULL, 'Si', '4', '50000', 'Si', 'ROUTER-1-C3925-737.jpg');
INSERT INTO "EQUIPMENT_MODEL"("ID_EQUIPMENT", "ID_MARK", "MODEL", "COD_SAP", "STATUS", "DESCRIPTION", "BW_MAX_HW", "BW_BAS_LIC", "ID_ELECTRICAL_POWER", "DUAL_STACK", "ID_BAND", "ID_RADIO", "MULTIVRF", "MODULE_SLOTS", "BW_ENCRIPTADO", "FULL_TABLE", "IMG_URL") VALUES ('1', '1', 'C3925E', '4010410', 'Descontinuado', 'C3925E IPBASE (SPE200,4GE,3EHWIC,3DSP,2SM,256CF,1GBDRAM)(600Mb)', '700000', '700000', '2', 'Si', NULL, NULL, 'Si', '4', '185000', 'Si', 'ROUTER-1-C3925E-970.jpg');
INSERT INTO "EQUIPMENT_MODEL"("ID_EQUIPMENT", "ID_MARK", "MODEL", "COD_SAP", "STATUS", "DESCRIPTION", "BW_MAX_HW", "BW_BAS_LIC", "ID_ELECTRICAL_POWER", "DUAL_STACK", "ID_BAND", "ID_RADIO", "MULTIVRF", "MODULE_SLOTS", "BW_ENCRIPTADO", "FULL_TABLE", "IMG_URL") VALUES ('1', '1', 'ISR4331', '4013458', 'Activo', 'ISR4331/K9  (100Mb 2xGE/SFP 2xNIM AC)', '100000', '100000', '2', 'Si', NULL, NULL, 'Si', '3', '90000', 'Si', 'ROUTER-1-ISR4331-921.PNG');
INSERT INTO "EQUIPMENT_MODEL"("ID_EQUIPMENT", "ID_MARK", "MODEL", "COD_SAP", "STATUS", "DESCRIPTION", "BW_MAX_HW", "BW_BAS_LIC", "ID_ELECTRICAL_POWER", "DUAL_STACK", "ID_BAND", "ID_RADIO", "MULTIVRF", "MODULE_SLOTS", "BW_ENCRIPTADO", "FULL_TABLE", "IMG_URL") VALUES ('1', '1', 'ISR4351', '4013459', 'Activo', 'ISR4351/K9  (200Mb 3xGE/SFP 3xNIM AC)', '200000', '200000', '2', 'Si', NULL, NULL, 'No', '5', '180000', 'Si', 'ROUTER-1-ISR4351-604.jpg');
INSERT INTO "EQUIPMENT_MODEL"("ID_EQUIPMENT", "ID_MARK", "MODEL", "COD_SAP", "STATUS", "DESCRIPTION", "BW_MAX_HW", "BW_BAS_LIC", "ID_ELECTRICAL_POWER", "DUAL_STACK", "ID_BAND", "ID_RADIO", "MULTIVRF", "MODULE_SLOTS", "BW_ENCRIPTADO", "FULL_TABLE", "IMG_URL") VALUES ('1', '1', 'ISR4431', '4013460', 'Activo', 'ISR4431/K9  (500Mb 4xGE/SFP 3xNIM AC)', '500000', '500000', '2', 'Si', NULL, NULL, 'No', '3', '450000', 'Si', 'ROUTER-1-ISR4431-159.jpg');
INSERT INTO "EQUIPMENT_MODEL"("ID_EQUIPMENT", "ID_MARK", "MODEL", "COD_SAP", "STATUS", "DESCRIPTION", "BW_MAX_HW", "BW_BAS_LIC", "ID_ELECTRICAL_POWER", "DUAL_STACK", "ID_BAND", "ID_RADIO", "MULTIVRF", "MODULE_SLOTS", "BW_ENCRIPTADO", "FULL_TABLE", "IMG_URL") VALUES ('1', '1', 'ISR4451', '4013461', 'Activo', 'ISR4451-X/K9  (1Gb 4xGE/SFP 3xNIM AC)', '1000000', '1000000', '4', 'Si', NULL, NULL, 'No', '5', '900000', 'Si', 'ROUTER-1-ISR4451-480.jpg');
INSERT INTO "EQUIPMENT_MODEL"("ID_EQUIPMENT", "ID_MARK", "MODEL", "COD_SAP", "STATUS", "DESCRIPTION", "BW_MAX_HW", "BW_BAS_LIC", "ID_ELECTRICAL_POWER", "DUAL_STACK", "ID_BAND", "ID_RADIO", "MULTIVRF", "MODULE_SLOTS", "BW_ENCRIPTADO", "FULL_TABLE", "IMG_URL") VALUES ('1', '1', 'ISR4321', '4013457', 'Activo', 'ISR4321/K9 (50Mb 1xGE/SFP 1xGE 2xNIM AC)', '100000', '50000', '2', 'Si', NULL, NULL, 'Si', '2', '45000', 'No', 'ROUTER-1-ISR4321-568.jpg');
INSERT INTO "EQUIPMENT_MODEL"("ID_EQUIPMENT", "ID_MARK", "MODEL", "COD_SAP", "STATUS", "DESCRIPTION", "BW_MAX_HW", "BW_BAS_LIC", "ID_ELECTRICAL_POWER", "DUAL_STACK", "ID_BAND", "ID_RADIO", "MULTIVRF", "MODULE_SLOTS", "BW_ENCRIPTADO", "FULL_TABLE", "IMG_URL") VALUES ('3', '2', 'H3328 48V', '4010310', 'Descontinuado', 'S3328TP MESwitch 24xFE 4xSFP DC48V', '1000000', NULL, '1', NULL, NULL, NULL, NULL, '0', NULL, NULL, 'LANSWITCH-2-H332848V-947.jpg');
INSERT INTO "EQUIPMENT_MODEL"("ID_EQUIPMENT", "ID_MARK", "MODEL", "COD_SAP", "STATUS", "DESCRIPTION", "BW_MAX_HW", "BW_BAS_LIC", "ID_ELECTRICAL_POWER", "DUAL_STACK", "ID_BAND", "ID_RADIO", "MULTIVRF", "MODULE_SLOTS", "BW_ENCRIPTADO", "FULL_TABLE", "IMG_URL") VALUES ('3', '2', 'H3328 220V', '4010307', 'Descontinuado', 'S3328TP MESwitch 24xFE 4xSFP AC220V', '1000000', NULL, '2', NULL, NULL, NULL, NULL, '0', NULL, NULL, 'LANSWITCH-2-H3328220V-973.jpg');
INSERT INTO "EQUIPMENT_MODEL"("ID_EQUIPMENT", "ID_MARK", "MODEL", "COD_SAP", "STATUS", "DESCRIPTION", "BW_MAX_HW", "BW_BAS_LIC", "ID_ELECTRICAL_POWER", "DUAL_STACK", "ID_BAND", "ID_RADIO", "MULTIVRF", "MODULE_SLOTS", "BW_ENCRIPTADO", "FULL_TABLE", "IMG_URL") VALUES ('3', '2', 'S5328C', '4011234', 'Descontinuado', 'LS-S5328C-EI-24S (24GE, 1 slot p/4 XGE, PWR AC dC)', '10000000', NULL, '7', NULL, NULL, NULL, NULL, '1', NULL, NULL, 'LANSWITCH-2-S5328C-231.jpg');
INSERT INTO "EQUIPMENT_MODEL"("ID_EQUIPMENT", "ID_MARK", "MODEL", "COD_SAP", "STATUS", "DESCRIPTION", "BW_MAX_HW", "BW_BAS_LIC", "ID_ELECTRICAL_POWER", "DUAL_STACK", "ID_BAND", "ID_RADIO", "MULTIVRF", "MODULE_SLOTS", "BW_ENCRIPTADO", "FULL_TABLE", "IMG_URL") VALUES ('3', '2', 'S5320 220V', '4013015', 'Activo', 'HUAWEI-S5320 36C EI 28S AC-Lanswitch10Gb (incluye fuente 220v)', '10000000', NULL, '2', NULL, NULL, NULL, NULL, '0', NULL, NULL, 'LANSWITCH-2-S5320220V-44.jpg');
INSERT INTO "EQUIPMENT_MODEL"("ID_EQUIPMENT", "ID_MARK", "MODEL", "COD_SAP", "STATUS", "DESCRIPTION", "BW_MAX_HW", "BW_BAS_LIC", "ID_ELECTRICAL_POWER", "DUAL_STACK", "ID_BAND", "ID_RADIO", "MULTIVRF", "MODULE_SLOTS", "BW_ENCRIPTADO", "FULL_TABLE", "IMG_URL") VALUES ('3', '2', 'S5320 48V', '4013016', 'Activo', 'HUAWEI-S5320 36C EI 28S DC-Lanswitch10Gb (incluye fuente 48v)', '10000000', NULL, '1', NULL, NULL, NULL, NULL, '0', NULL, NULL, 'LANSWITCH-2-S532048V-714.jpg');
INSERT INTO "EQUIPMENT_MODEL"("ID_EQUIPMENT", "ID_MARK", "MODEL", "COD_SAP", "STATUS", "DESCRIPTION", "BW_MAX_HW", "BW_BAS_LIC", "ID_ELECTRICAL_POWER", "DUAL_STACK", "ID_BAND", "ID_RADIO", "MULTIVRF", "MODULE_SLOTS", "BW_ENCRIPTADO", "FULL_TABLE", "IMG_URL") VALUES ('3', '1', 'C3400-A', '4009044', 'Descontinuado', 'ME-3400-24TS-A (2 SFP, MODELO VIEJO)', '1000000', NULL, '2', NULL, NULL, NULL, NULL, '0', NULL, NULL, 'LANSWITCH-1-C3400-A-591.jpg');
INSERT INTO "EQUIPMENT_MODEL"("ID_EQUIPMENT", "ID_MARK", "MODEL", "COD_SAP", "STATUS", "DESCRIPTION", "BW_MAX_HW", "BW_BAS_LIC", "ID_ELECTRICAL_POWER", "DUAL_STACK", "ID_BAND", "ID_RADIO", "MULTIVRF", "MODULE_SLOTS", "BW_ENCRIPTADO", "FULL_TABLE", "IMG_URL") VALUES ('3', '1', 'C3400-M', '4011279', 'Descontinuado', 'ME-3400E-24TS-M  (2 PORT RJ45 / SFP, PWR AC)', '1000000', NULL, '4', NULL, NULL, NULL, NULL, '0', NULL, NULL, 'LANSWITCH-1-C3400-M-278.jpg');
INSERT INTO "EQUIPMENT_MODEL"("ID_EQUIPMENT", "ID_MARK", "MODEL", "COD_SAP", "STATUS", "DESCRIPTION", "BW_MAX_HW", "BW_BAS_LIC", "ID_ELECTRICAL_POWER", "DUAL_STACK", "ID_BAND", "ID_RADIO", "MULTIVRF", "MODULE_SLOTS", "BW_ENCRIPTADO", "FULL_TABLE", "IMG_URL") VALUES ('3', '2', 'S3928', '4009216', 'Obsoleto', 'S3928P (with 24 100 BASE-TX ports and 4 1000 BASE-X SFP slots (AC 110/220V, DC 48V)', '1000000', NULL, '7', NULL, NULL, NULL, NULL, '0', NULL, NULL, 'LANSWITCH-2-S3928-875.PNG');
INSERT INTO "EQUIPMENT_MODEL"("ID_EQUIPMENT", "ID_MARK", "MODEL", "COD_SAP", "STATUS", "DESCRIPTION", "BW_MAX_HW", "BW_BAS_LIC", "ID_ELECTRICAL_POWER", "DUAL_STACK", "ID_BAND", "ID_RADIO", "MULTIVRF", "MODULE_SLOTS", "BW_ENCRIPTADO", "FULL_TABLE", "IMG_URL") VALUES ('3', '1', '7609-S', '000000', 'Activo', 'agg-metro', '720000000', NULL, '4', NULL, NULL, NULL, NULL, '9', NULL, NULL, 'LANSWITCH-1-7609-S-14.PNG');
INSERT INTO "EQUIPMENT_MODEL"("ID_EQUIPMENT", "ID_MARK", "MODEL", "COD_SAP", "STATUS", "DESCRIPTION", "BW_MAX_HW", "BW_BAS_LIC", "ID_ELECTRICAL_POWER", "DUAL_STACK", "ID_BAND", "ID_RADIO", "MULTIVRF", "MODULE_SLOTS", "BW_ENCRIPTADO", "FULL_TABLE", "IMG_URL") VALUES ('3', '1', 'ASR-902', '0000000', 'Activo', 'AGG-METRO', '400000000', NULL, '4', NULL, NULL, NULL, NULL, '4', NULL, NULL, NULL);
INSERT INTO "EQUIPMENT_MODEL"("ID_EQUIPMENT", "ID_MARK", "MODEL", "COD_SAP", "STATUS", "DESCRIPTION", "BW_MAX_HW", "BW_BAS_LIC", "ID_ELECTRICAL_POWER", "DUAL_STACK", "ID_BAND", "ID_RADIO", "MULTIVRF", "MODULE_SLOTS", "BW_ENCRIPTADO", "FULL_TABLE", "IMG_URL") VALUES ('3', '1', 'ASR-903', '00000000', 'Activo', 'AGG-METRO', '800000000', NULL, '4', NULL, NULL, NULL, NULL, '6', NULL, NULL, 'LANSWITCH-1-ASR-903-879.PNG');
INSERT INTO "EQUIPMENT_MODEL"("ID_EQUIPMENT", "ID_MARK", "MODEL", "COD_SAP", "STATUS", "DESCRIPTION", "BW_MAX_HW", "BW_BAS_LIC", "ID_ELECTRICAL_POWER", "DUAL_STACK", "ID_BAND", "ID_RADIO", "MULTIVRF", "MODULE_SLOTS", "BW_ENCRIPTADO", "FULL_TABLE", "IMG_URL") VALUES ('3', '1', 'ASR 9010', '0000000', 'Activo', 'AGG-METRO', '450000000', NULL, '4', NULL, NULL, NULL, NULL, '8', NULL, NULL, 'LANSWITCH-1-ASR9010-333.PNG');
INSERT INTO "EQUIPMENT_MODEL"("ID_EQUIPMENT", "ID_MARK", "MODEL", "COD_SAP", "STATUS", "DESCRIPTION", "BW_MAX_HW", "BW_BAS_LIC", "ID_ELECTRICAL_POWER", "DUAL_STACK", "ID_BAND", "ID_RADIO", "MULTIVRF", "MODULE_SLOTS", "BW_ENCRIPTADO", "FULL_TABLE", "IMG_URL") VALUES ('3', '1', 'ASR 9006', '00000000000', 'Activo', 'AGG-METRO', '800000000', NULL, '4', NULL, NULL, NULL, NULL, '4', NULL, NULL, 'LANSWITCH-1-ASR9006-799.PNG');
INSERT INTO "EQUIPMENT_MODEL"("ID_EQUIPMENT", "ID_MARK", "MODEL", "COD_SAP", "STATUS", "DESCRIPTION", "BW_MAX_HW", "BW_BAS_LIC", "ID_ELECTRICAL_POWER", "DUAL_STACK", "ID_BAND", "ID_RADIO", "MULTIVRF", "MODULE_SLOTS", "BW_ENCRIPTADO", "FULL_TABLE", "IMG_URL") VALUES ('3', '1', '7606-S', '000000000', 'Activo', 'AGG-METRO', '480000000', NULL, '4', NULL, NULL, NULL, NULL, '6', NULL, NULL, 'LANSWITCH-1-7606-S-594.PNG');
INSERT INTO "EQUIPMENT_MODEL"("ID_EQUIPMENT", "ID_MARK", "MODEL", "COD_SAP", "STATUS", "DESCRIPTION", "BW_MAX_HW", "BW_BAS_LIC", "ID_ELECTRICAL_POWER", "DUAL_STACK", "ID_BAND", "ID_RADIO", "MULTIVRF", "MODULE_SLOTS", "BW_ENCRIPTADO", "FULL_TABLE", "IMG_URL") VALUES ('3', '1', 'ME-3600X-24FS-M', '00000000000', 'Activo', 'AGG-METRO', '44000000', NULL, '2', NULL, NULL, NULL, NULL, '0', NULL, NULL, 'LANSWITCH-1-ME-3600X-24FS-M-858.PNG');
INSERT INTO "EQUIPMENT_MODEL"("ID_EQUIPMENT", "ID_MARK", "MODEL", "COD_SAP", "STATUS", "DESCRIPTION", "BW_MAX_HW", "BW_BAS_LIC", "ID_ELECTRICAL_POWER", "DUAL_STACK", "ID_BAND", "ID_RADIO", "MULTIVRF", "MODULE_SLOTS", "BW_ENCRIPTADO", "FULL_TABLE", "IMG_URL") VALUES ('1', '2', 'AR151', '4010752', 'Obsoleto', 'HUAWEI-AR151 (1FE WAN,4FE)(90Mb)', '180000', '180000', '2', 'No', NULL, NULL, 'No', '0', '60000', 'No', NULL);
INSERT INTO "EQUIPMENT_MODEL"("ID_EQUIPMENT", "ID_MARK", "MODEL", "COD_SAP", "STATUS", "DESCRIPTION", "BW_MAX_HW", "BW_BAS_LIC", "ID_ELECTRICAL_POWER", "DUAL_STACK", "ID_BAND", "ID_RADIO", "MULTIVRF", "MODULE_SLOTS", "BW_ENCRIPTADO", "FULL_TABLE", "IMG_URL") VALUES ('1', '2', 'AR18-10', '4009068', 'Obsoleto', 'ROUTER HUAWEI AR-1810 - 1XV35 1XETH', '30000', '30000', '2', 'No', NULL, NULL, 'No', '0', '10000', 'No', NULL);
INSERT INTO "EQUIPMENT_MODEL"("ID_EQUIPMENT", "ID_MARK", "MODEL", "COD_SAP", "STATUS", "DESCRIPTION", "BW_MAX_HW", "BW_BAS_LIC", "ID_ELECTRICAL_POWER", "DUAL_STACK", "ID_BAND", "ID_RADIO", "MULTIVRF", "MODULE_SLOTS", "BW_ENCRIPTADO", "FULL_TABLE", "IMG_URL") VALUES ('1', '2', 'AR18-21', '4009257', 'Obsoleto', 'ROUTER HUAWEI AR-1821- 4XETH-LAN 1XETHWA', '30000', '30000', '2', 'No', NULL, NULL, 'No', '0', '15000', 'No', NULL);
INSERT INTO "EQUIPMENT_MODEL"("ID_EQUIPMENT", "ID_MARK", "MODEL", "COD_SAP", "STATUS", "DESCRIPTION", "BW_MAX_HW", "BW_BAS_LIC", "ID_ELECTRICAL_POWER", "DUAL_STACK", "ID_BAND", "ID_RADIO", "MULTIVRF", "MODULE_SLOTS", "BW_ENCRIPTADO", "FULL_TABLE", "IMG_URL") VALUES ('1', '2', 'AR19-10', '100208386', 'Obsoleto', 'AR 19-10 CHASIS ROUTER HUAWEI - 1xFE', '30000', '30000', '2', 'No', NULL, NULL, 'No', '0', '15000', 'No', NULL);
INSERT INTO "EQUIPMENT_MODEL"("ID_EQUIPMENT", "ID_MARK", "MODEL", "COD_SAP", "STATUS", "DESCRIPTION", "BW_MAX_HW", "BW_BAS_LIC", "ID_ELECTRICAL_POWER", "DUAL_STACK", "ID_BAND", "ID_RADIO", "MULTIVRF", "MODULE_SLOTS", "BW_ENCRIPTADO", "FULL_TABLE", "IMG_URL") VALUES ('1', '2', 'AR19-61', '100208384', 'Obsoleto', 'AR 19-61 CHASIS ROUTER HUAWEI - 2xFE 2SIC', '30000', '30000', '2', 'No', NULL, NULL, 'No', '0', '15000', 'No', NULL);
INSERT INTO "EQUIPMENT_MODEL"("ID_EQUIPMENT", "ID_MARK", "MODEL", "COD_SAP", "STATUS", "DESCRIPTION", "BW_MAX_HW", "BW_BAS_LIC", "ID_ELECTRICAL_POWER", "DUAL_STACK", "ID_BAND", "ID_RADIO", "MULTIVRF", "MODULE_SLOTS", "BW_ENCRIPTADO", "FULL_TABLE", "IMG_URL") VALUES ('1', '2', 'AR2240', '4012553', 'Obsoleto', 'HUAWEI-AR0M0024DC00-AR2240,S&R 40,4 SIC', '1200000', '1200000', '2', 'Si', NULL, NULL, 'Si', '0', '500000', 'No', NULL);
INSERT INTO "EQUIPMENT_MODEL"("ID_EQUIPMENT", "ID_MARK", "MODEL", "COD_SAP", "STATUS", "DESCRIPTION", "BW_MAX_HW", "BW_BAS_LIC", "ID_ELECTRICAL_POWER", "DUAL_STACK", "ID_BAND", "ID_RADIO", "MULTIVRF", "MODULE_SLOTS", "BW_ENCRIPTADO", "FULL_TABLE", "IMG_URL") VALUES ('1', '2', 'AR28-09', '100206426', 'Obsoleto', 'AR 28-09 CHASIS ROUTER HUAWEI - 1XFE 1XV35', '30000', '30000', '2', 'No', NULL, NULL, 'No', '0', '15000', 'No', NULL);
INSERT INTO "EQUIPMENT_MODEL"("ID_EQUIPMENT", "ID_MARK", "MODEL", "COD_SAP", "STATUS", "DESCRIPTION", "BW_MAX_HW", "BW_BAS_LIC", "ID_ELECTRICAL_POWER", "DUAL_STACK", "ID_BAND", "ID_RADIO", "MULTIVRF", "MODULE_SLOTS", "BW_ENCRIPTADO", "FULL_TABLE", "IMG_URL") VALUES ('1', '2', 'AR28-10', '0000000000', 'Obsoleto', 'AR28-10', '30000', '15000', '2', 'No', NULL, NULL, 'No', '0', '15000', 'No', NULL);
INSERT INTO "EQUIPMENT_MODEL"("ID_EQUIPMENT", "ID_MARK", "MODEL", "COD_SAP", "STATUS", "DESCRIPTION", "BW_MAX_HW", "BW_BAS_LIC", "ID_ELECTRICAL_POWER", "DUAL_STACK", "ID_BAND", "ID_RADIO", "MULTIVRF", "MODULE_SLOTS", "BW_ENCRIPTADO", "FULL_TABLE", "IMG_URL") VALUES ('3', '2', 'S5320-28TP-LI-AC', '4016253', 'Activo', 'HUAWEI S5320-28TP-LI-AC-Lanswitch1Gb (incluye fuente 220v)', '1000000', NULL, '2', NULL, NULL, NULL, NULL, '0', NULL, NULL, 'LANSWITCH-2-S5320-28TP-LI-AC-178.PNG');
INSERT INTO "EQUIPMENT_MODEL"("ID_EQUIPMENT", "ID_MARK", "MODEL", "COD_SAP", "STATUS", "DESCRIPTION", "BW_MAX_HW", "BW_BAS_LIC", "ID_ELECTRICAL_POWER", "DUAL_STACK", "ID_BAND", "ID_RADIO", "MULTIVRF", "MODULE_SLOTS", "BW_ENCRIPTADO", "FULL_TABLE", "IMG_URL") VALUES ('3', '2', 'S5320-28X-LI-DC', '4016256', 'Activo', 'HUAWEI S5320-28X-LI-DC-Lanswitch1Gb (incluye fuente 48v)', '1000000', NULL, '1', NULL, NULL, NULL, NULL, '0', NULL, NULL, 'LANSWITCH-2-S5320-28X-LI-DC-808.PNG');
INSERT INTO "EQUIPMENT_MODEL"("ID_EQUIPMENT", "ID_MARK", "MODEL", "COD_SAP", "STATUS", "DESCRIPTION", "BW_MAX_HW", "BW_BAS_LIC", "ID_ELECTRICAL_POWER", "DUAL_STACK", "ID_BAND", "ID_RADIO", "MULTIVRF", "MODULE_SLOTS", "BW_ENCRIPTADO", "FULL_TABLE", "IMG_URL") VALUES ('3', '2', 'S5320-28P-SI-AC', '4015023', 'Activo', 'HWS5320-28P-SI-AC 220v MESwitch', '1000000', NULL, '2', NULL, NULL, NULL, NULL, '0', NULL, NULL, 'LANSWITCH-2-S5320-28P-SI-AC-80.PNG');
INSERT INTO "EQUIPMENT_MODEL"("ID_EQUIPMENT", "ID_MARK", "MODEL", "COD_SAP", "STATUS", "DESCRIPTION", "BW_MAX_HW", "BW_BAS_LIC", "ID_ELECTRICAL_POWER", "DUAL_STACK", "ID_BAND", "ID_RADIO", "MULTIVRF", "MODULE_SLOTS", "BW_ENCRIPTADO", "FULL_TABLE", "IMG_URL") VALUES ('1', '4', 'GENERICO', '00000000', 'Obsoleto', 'router Generico para modelos no Reconocidos', '30000', '30000', '2', 'No', NULL, NULL, 'No', '0', '15000', 'No', NULL);

INSERT INTO "PORT_EQUIPMENT_MODEL"("QUANTITY", "PORT_F_I", "PORT_F_F", "ID_LIST_PORT", "ID_CONNECTOR", "BW_MAX_PORT", "ID_LABEL", "PORT_L_I", "PORT_L_F", "ID_MODULE_BOARD", "TYPE_BOARD", "STATUS") VALUES ('5', '0', '4', '1', '1', '100000', '6', '0', '4', '11', 'ONBOARD', 'ALTA');
INSERT INTO "PORT_EQUIPMENT_MODEL"("QUANTITY", "PORT_F_I", "PORT_F_F", "ID_LIST_PORT", "ID_CONNECTOR", "BW_MAX_PORT", "ID_LABEL", "PORT_L_I", "PORT_L_F", "ID_MODULE_BOARD", "TYPE_BOARD", "STATUS") VALUES ('2', '0', '1', '1', '1', '100000', '6', '0', '1', '12', 'ONBOARD', 'ALTA');
INSERT INTO "PORT_EQUIPMENT_MODEL"("QUANTITY", "PORT_F_I", "PORT_F_F", "ID_LIST_PORT", "ID_CONNECTOR", "BW_MAX_PORT", "ID_LABEL", "PORT_L_I", "PORT_L_F", "ID_MODULE_BOARD", "TYPE_BOARD", "STATUS") VALUES ('2', '0', '1', '1', '1', '1000000', '7', '0', '1', '1', 'ONBOARD', 'ALTA');
INSERT INTO "PORT_EQUIPMENT_MODEL"("QUANTITY", "PORT_F_I", "PORT_F_F", "ID_LIST_PORT", "ID_CONNECTOR", "BW_MAX_PORT", "ID_LABEL", "PORT_L_I", "PORT_L_F", "ID_MODULE_BOARD", "TYPE_BOARD", "STATUS") VALUES ('2', '0', '1', '1', '1', '100000', '6', '0', '1', '2', 'ONBOARD', 'ALTA');
INSERT INTO "PORT_EQUIPMENT_MODEL"("QUANTITY", "PORT_F_I", "PORT_F_F", "ID_LIST_PORT", "ID_CONNECTOR", "BW_MAX_PORT", "ID_LABEL", "PORT_L_I", "PORT_L_F", "ID_MODULE_BOARD", "TYPE_BOARD", "STATUS") VALUES ('2', '0', '1', '1', '1', '1000000', '7', '0', '1', '4', 'ONBOARD', 'ALTA');
INSERT INTO "PORT_EQUIPMENT_MODEL"("QUANTITY", "PORT_F_I", "PORT_F_F", "ID_LIST_PORT", "ID_CONNECTOR", "BW_MAX_PORT", "ID_LABEL", "PORT_L_I", "PORT_L_F", "ID_MODULE_BOARD", "TYPE_BOARD", "STATUS") VALUES ('3', '0', '2', '1', '1', '1000000', '7', '0', '2', '3', 'ONBOARD', 'ALTA');
INSERT INTO "PORT_EQUIPMENT_MODEL"("QUANTITY", "PORT_F_I", "PORT_F_F", "ID_LIST_PORT", "ID_CONNECTOR", "BW_MAX_PORT", "ID_LABEL", "PORT_L_I", "PORT_L_F", "ID_MODULE_BOARD", "TYPE_BOARD", "STATUS") VALUES ('1', '0', '0', '1', '1', '1000000', '7', '0', '0', '34', 'ONBOARD', 'ALTA');
INSERT INTO "PORT_EQUIPMENT_MODEL"("QUANTITY", "PORT_F_I", "PORT_F_F", "ID_LIST_PORT", "ID_CONNECTOR", "BW_MAX_PORT", "ID_LABEL", "PORT_L_I", "PORT_L_F", "ID_MODULE_BOARD", "TYPE_BOARD", "STATUS") VALUES ('1', '1', '1', '8', '5', '1000000', '7', '1', '1', '34', 'ONBOARD', 'ALTA');
INSERT INTO "PORT_EQUIPMENT_MODEL"("QUANTITY", "PORT_F_I", "PORT_F_F", "ID_LIST_PORT", "ID_CONNECTOR", "BW_MAX_PORT", "ID_LABEL", "PORT_L_I", "PORT_L_F", "ID_MODULE_BOARD", "TYPE_BOARD", "STATUS") VALUES ('1', '2', '2', '1', '1', '1000000', '7', '2', '2', '34', 'ONBOARD', 'ALTA');
INSERT INTO "PORT_EQUIPMENT_MODEL"("QUANTITY", "PORT_F_I", "PORT_F_F", "ID_LIST_PORT", "ID_CONNECTOR", "BW_MAX_PORT", "ID_LABEL", "PORT_L_I", "PORT_L_F", "ID_MODULE_BOARD", "TYPE_BOARD", "STATUS") VALUES ('1', '0', '0', '8', '5', '1000', '7', '0', '0', '5', 'ONBOARD', 'ALTA');
INSERT INTO "PORT_EQUIPMENT_MODEL"("QUANTITY", "PORT_F_I", "PORT_F_F", "ID_LIST_PORT", "ID_CONNECTOR", "BW_MAX_PORT", "ID_LABEL", "PORT_L_I", "PORT_L_F", "ID_MODULE_BOARD", "TYPE_BOARD", "STATUS") VALUES ('1', '1', '1', '1', '1', '1000000', '7', '1', '1', '5', 'ONBOARD', 'ALTA');
INSERT INTO "PORT_EQUIPMENT_MODEL"("QUANTITY", "PORT_F_I", "PORT_F_F", "ID_LIST_PORT", "ID_CONNECTOR", "BW_MAX_PORT", "ID_LABEL", "PORT_L_I", "PORT_L_F", "ID_MODULE_BOARD", "TYPE_BOARD", "STATUS") VALUES ('1', '0', '0', '1', '1', '1000000', '7', '0', '0', '6', 'ONBOARD', 'ALTA');
INSERT INTO "PORT_EQUIPMENT_MODEL"("QUANTITY", "PORT_F_I", "PORT_F_F", "ID_LIST_PORT", "ID_CONNECTOR", "BW_MAX_PORT", "ID_LABEL", "PORT_L_I", "PORT_L_F", "ID_MODULE_BOARD", "TYPE_BOARD", "STATUS") VALUES ('2', '1', '2', '8', '5', '1000000', '7', '1', '2', '6', 'ONBOARD', 'ALTA');
INSERT INTO "PORT_EQUIPMENT_MODEL"("QUANTITY", "PORT_F_I", "PORT_F_F", "ID_LIST_PORT", "ID_CONNECTOR", "BW_MAX_PORT", "ID_LABEL", "PORT_L_I", "PORT_L_F", "ID_MODULE_BOARD", "TYPE_BOARD", "STATUS") VALUES ('2', '0', '1', '8', '5', '1000000', '7', '0', '1', '7', 'ONBOARD', 'ALTA');
INSERT INTO "PORT_EQUIPMENT_MODEL"("QUANTITY", "PORT_F_I", "PORT_F_F", "ID_LIST_PORT", "ID_CONNECTOR", "BW_MAX_PORT", "ID_LABEL", "PORT_L_I", "PORT_L_F", "ID_MODULE_BOARD", "TYPE_BOARD", "STATUS") VALUES ('2', '2', '3', '1', '1', '1000000', '7', '2', '3', '7', 'ONBOARD', 'ALTA');
INSERT INTO "PORT_EQUIPMENT_MODEL"("QUANTITY", "PORT_F_I", "PORT_F_F", "ID_LIST_PORT", "ID_CONNECTOR", "BW_MAX_PORT", "ID_LABEL", "PORT_L_I", "PORT_L_F", "ID_MODULE_BOARD", "TYPE_BOARD", "STATUS") VALUES ('1', '0', '0', '8', '5', '1000000', '7', '0', '0', '8', 'ONBOARD', 'ALTA');
INSERT INTO "PORT_EQUIPMENT_MODEL"("QUANTITY", "PORT_F_I", "PORT_F_F", "ID_LIST_PORT", "ID_CONNECTOR", "BW_MAX_PORT", "ID_LABEL", "PORT_L_I", "PORT_L_F", "ID_MODULE_BOARD", "TYPE_BOARD", "STATUS") VALUES ('1', '1', '1', '1', '1', '1000000', '7', '1', '1', '8', 'ONBOARD', 'ALTA');
INSERT INTO "PORT_EQUIPMENT_MODEL"("QUANTITY", "PORT_F_I", "PORT_F_F", "ID_LIST_PORT", "ID_CONNECTOR", "BW_MAX_PORT", "ID_LABEL", "PORT_L_I", "PORT_L_F", "ID_MODULE_BOARD", "TYPE_BOARD", "STATUS") VALUES ('1', '2', '2', '2', '2', '1000000', '7', '2', '2', '8', 'ONBOARD', 'ALTA');
INSERT INTO "PORT_EQUIPMENT_MODEL"("QUANTITY", "PORT_F_I", "PORT_F_F", "ID_LIST_PORT", "ID_CONNECTOR", "BW_MAX_PORT", "ID_LABEL", "PORT_L_I", "PORT_L_F", "ID_MODULE_BOARD", "TYPE_BOARD", "STATUS") VALUES ('3', '0', '2', '8', '5', '1000000', '7', '0', '2', '9', 'ONBOARD', 'ALTA');
INSERT INTO "PORT_EQUIPMENT_MODEL"("QUANTITY", "PORT_F_I", "PORT_F_F", "ID_LIST_PORT", "ID_CONNECTOR", "BW_MAX_PORT", "ID_LABEL", "PORT_L_I", "PORT_L_F", "ID_MODULE_BOARD", "TYPE_BOARD", "STATUS") VALUES ('4', '0', '3', '8', '5', '1000000', '7', '0', '3', '10', 'ONBOARD', 'ALTA');
INSERT INTO "PORT_EQUIPMENT_MODEL"("QUANTITY", "PORT_F_I", "PORT_F_F", "ID_LIST_PORT", "ID_CONNECTOR", "BW_MAX_PORT", "ID_LABEL", "PORT_L_I", "PORT_L_F", "ID_MODULE_BOARD", "TYPE_BOARD", "STATUS") VALUES ('4', '0', '3', '1', '1', '1000000', '7', '0', '3', '21', 'PLACA', 'ALTA');
INSERT INTO "PORT_EQUIPMENT_MODEL"("QUANTITY", "PORT_F_I", "PORT_F_F", "ID_LIST_PORT", "ID_CONNECTOR", "BW_MAX_PORT", "ID_LABEL", "PORT_L_I", "PORT_L_F", "ID_MODULE_BOARD", "TYPE_BOARD", "STATUS") VALUES ('1', '0', '0', '7', '1', '2000', '11', '0', '0', '22', 'PLACA', 'ALTA');
INSERT INTO "PORT_EQUIPMENT_MODEL"("QUANTITY", "PORT_F_I", "PORT_F_F", "ID_LIST_PORT", "ID_CONNECTOR", "BW_MAX_PORT", "ID_LABEL", "PORT_L_I", "PORT_L_F", "ID_MODULE_BOARD", "TYPE_BOARD", "STATUS") VALUES ('1', '0', '0', '13', '8', '8000', '11', '0', '0', '24', 'PLACA', 'ALTA');
INSERT INTO "PORT_EQUIPMENT_MODEL"("QUANTITY", "PORT_F_I", "PORT_F_F", "ID_LIST_PORT", "ID_CONNECTOR", "BW_MAX_PORT", "ID_LABEL", "PORT_L_I", "PORT_L_F", "ID_MODULE_BOARD", "TYPE_BOARD", "STATUS") VALUES ('2', '0', '1', '13', '8', '8000', '11', '0', '1', '25', 'PLACA', 'ALTA');
INSERT INTO "PORT_EQUIPMENT_MODEL"("QUANTITY", "PORT_F_I", "PORT_F_F", "ID_LIST_PORT", "ID_CONNECTOR", "BW_MAX_PORT", "ID_LABEL", "PORT_L_I", "PORT_L_F", "ID_MODULE_BOARD", "TYPE_BOARD", "STATUS") VALUES ('8', '0', '7', '1', '1', '1000000', '7', '0', '7', '16', 'PLACA', 'ALTA');
INSERT INTO "PORT_EQUIPMENT_MODEL"("QUANTITY", "PORT_F_I", "PORT_F_F", "ID_LIST_PORT", "ID_CONNECTOR", "BW_MAX_PORT", "ID_LABEL", "PORT_L_I", "PORT_L_F", "ID_MODULE_BOARD", "TYPE_BOARD", "STATUS") VALUES ('24', '1', '24', '1', '1', '100000', '1', '1', '24', '17', 'ONBOARD', 'ALTA');
INSERT INTO "PORT_EQUIPMENT_MODEL"("QUANTITY", "PORT_F_I", "PORT_F_F", "ID_LIST_PORT", "ID_CONNECTOR", "BW_MAX_PORT", "ID_LABEL", "PORT_L_I", "PORT_L_F", "ID_MODULE_BOARD", "TYPE_BOARD", "STATUS") VALUES ('2', '25', '26', '2', '2', '1000000', '2', '1', '2', '17', 'ONBOARD', 'ALTA');
INSERT INTO "PORT_EQUIPMENT_MODEL"("QUANTITY", "PORT_F_I", "PORT_F_F", "ID_LIST_PORT", "ID_CONNECTOR", "BW_MAX_PORT", "ID_LABEL", "PORT_L_I", "PORT_L_F", "ID_MODULE_BOARD", "TYPE_BOARD", "STATUS") VALUES ('2', '27', '28', '8', '5', '1000000', '2', '3', '4', '17', 'ONBOARD', 'ALTA');
INSERT INTO "PORT_EQUIPMENT_MODEL"("QUANTITY", "PORT_F_I", "PORT_F_F", "ID_LIST_PORT", "ID_CONNECTOR", "BW_MAX_PORT", "ID_LABEL", "PORT_L_I", "PORT_L_F", "ID_MODULE_BOARD", "TYPE_BOARD", "STATUS") VALUES ('20', '1', '20', '2', '2', '1000000', '2', '1', '20', '40', 'ONBOARD', 'ALTA');
INSERT INTO "PORT_EQUIPMENT_MODEL"("QUANTITY", "PORT_F_I", "PORT_F_F", "ID_LIST_PORT", "ID_CONNECTOR", "BW_MAX_PORT", "ID_LABEL", "PORT_L_I", "PORT_L_F", "ID_MODULE_BOARD", "TYPE_BOARD", "STATUS") VALUES ('4', '21', '24', '8', '5', '1000000', '2', '21', '24', '40', 'ONBOARD', 'ALTA');
INSERT INTO "PORT_EQUIPMENT_MODEL"("QUANTITY", "PORT_F_I", "PORT_F_F", "ID_LIST_PORT", "ID_CONNECTOR", "BW_MAX_PORT", "ID_LABEL", "PORT_L_I", "PORT_L_F", "ID_MODULE_BOARD", "TYPE_BOARD", "STATUS") VALUES ('4', '1', '4', '9', '6', '10000000', '3', '1', '4', '15', 'PLACA', 'ALTA');
INSERT INTO "PORT_EQUIPMENT_MODEL"("QUANTITY", "PORT_F_I", "PORT_F_F", "ID_LIST_PORT", "ID_CONNECTOR", "BW_MAX_PORT", "ID_LABEL", "PORT_L_I", "PORT_L_F", "ID_MODULE_BOARD", "TYPE_BOARD", "STATUS") VALUES ('24', '1', '24', '2', '2', '1000000', '2', '1', '24', '13', 'ONBOARD', 'ALTA');
INSERT INTO "PORT_EQUIPMENT_MODEL"("QUANTITY", "PORT_F_I", "PORT_F_F", "ID_LIST_PORT", "ID_CONNECTOR", "BW_MAX_PORT", "ID_LABEL", "PORT_L_I", "PORT_L_F", "ID_MODULE_BOARD", "TYPE_BOARD", "STATUS") VALUES ('4', '25', '28', '8', '5', '1000000', '2', '25', '28', '13', 'ONBOARD', 'ALTA');
INSERT INTO "PORT_EQUIPMENT_MODEL"("QUANTITY", "PORT_F_I", "PORT_F_F", "ID_LIST_PORT", "ID_CONNECTOR", "BW_MAX_PORT", "ID_LABEL", "PORT_L_I", "PORT_L_F", "ID_MODULE_BOARD", "TYPE_BOARD", "STATUS") VALUES ('4', '1', '4', '9', '6', '10000000', '3', '1', '4', '13', 'ONBOARD', 'ALTA');
INSERT INTO "PORT_EQUIPMENT_MODEL"("QUANTITY", "PORT_F_I", "PORT_F_F", "ID_LIST_PORT", "ID_CONNECTOR", "BW_MAX_PORT", "ID_LABEL", "PORT_L_I", "PORT_L_F", "ID_MODULE_BOARD", "TYPE_BOARD", "STATUS") VALUES ('24', '1', '24', '1', '1', '100000', '6', '1', '24', '14', 'ONBOARD', 'ALTA');
INSERT INTO "PORT_EQUIPMENT_MODEL"("QUANTITY", "PORT_F_I", "PORT_F_F", "ID_LIST_PORT", "ID_CONNECTOR", "BW_MAX_PORT", "ID_LABEL", "PORT_L_I", "PORT_L_F", "ID_MODULE_BOARD", "TYPE_BOARD", "STATUS") VALUES ('2', '0', '1', '7', '1', '2000', '11', '0', '1', '23', 'PLACA', 'ALTA');
INSERT INTO "PORT_EQUIPMENT_MODEL"("QUANTITY", "PORT_F_I", "PORT_F_F", "ID_LIST_PORT", "ID_CONNECTOR", "BW_MAX_PORT", "ID_LABEL", "PORT_L_I", "PORT_L_F", "ID_MODULE_BOARD", "TYPE_BOARD", "STATUS") VALUES ('2', '1', '2', '2', '2', '1000000', '7', '1', '2', '14', 'ONBOARD', 'ALTA');
INSERT INTO "PORT_EQUIPMENT_MODEL"("QUANTITY", "PORT_F_I", "PORT_F_F", "ID_LIST_PORT", "ID_CONNECTOR", "BW_MAX_PORT", "ID_LABEL", "PORT_L_I", "PORT_L_F", "ID_MODULE_BOARD", "TYPE_BOARD", "STATUS") VALUES ('2', '1', '2', '8', '5', '1000000', '7', '1', '2', '14', 'ONBOARD', 'ALTA');
INSERT INTO "PORT_EQUIPMENT_MODEL"("QUANTITY", "PORT_F_I", "PORT_F_F", "ID_LIST_PORT", "ID_CONNECTOR", "BW_MAX_PORT", "ID_LABEL", "PORT_L_I", "PORT_L_F", "ID_MODULE_BOARD", "TYPE_BOARD", "STATUS") VALUES ('24', '1', '24', '1', '1', '100000', '1', '1', '24', '35', 'ONBOARD', 'ALTA');
INSERT INTO "PORT_EQUIPMENT_MODEL"("QUANTITY", "PORT_F_I", "PORT_F_F", "ID_LIST_PORT", "ID_CONNECTOR", "BW_MAX_PORT", "ID_LABEL", "PORT_L_I", "PORT_L_F", "ID_MODULE_BOARD", "TYPE_BOARD", "STATUS") VALUES ('4', '25', '28', '2', '2', '1000000', '2', '1', '4', '35', 'ONBOARD', 'ALTA');
INSERT INTO "PORT_EQUIPMENT_MODEL"("QUANTITY", "PORT_F_I", "PORT_F_F", "ID_LIST_PORT", "ID_CONNECTOR", "BW_MAX_PORT", "ID_LABEL", "PORT_L_I", "PORT_L_F", "ID_MODULE_BOARD", "TYPE_BOARD", "STATUS") VALUES ('2', '1', '2', '11', '9', '10000000', '10', '1', '2', '31', 'PLACA', 'ALTA');
INSERT INTO "PORT_EQUIPMENT_MODEL"("QUANTITY", "PORT_F_I", "PORT_F_F", "ID_LIST_PORT", "ID_CONNECTOR", "BW_MAX_PORT", "ID_LABEL", "PORT_L_I", "PORT_L_F", "ID_MODULE_BOARD", "TYPE_BOARD", "STATUS") VALUES ('48', '1', '48', '2', '2', '1000000', '9', '1', '48', '32', 'PLACA', 'ALTA');
INSERT INTO "PORT_EQUIPMENT_MODEL"("QUANTITY", "PORT_F_I", "PORT_F_F", "ID_LIST_PORT", "ID_CONNECTOR", "BW_MAX_PORT", "ID_LABEL", "PORT_L_I", "PORT_L_F", "ID_MODULE_BOARD", "TYPE_BOARD", "STATUS") VALUES ('48', '1', '48', '2', '2', '1000000', '9', '1', '48', '33', 'PLACA', 'ALTA');
INSERT INTO "PORT_EQUIPMENT_MODEL"("QUANTITY", "PORT_F_I", "PORT_F_F", "ID_LIST_PORT", "ID_CONNECTOR", "BW_MAX_PORT", "ID_LABEL", "PORT_L_I", "PORT_L_F", "ID_MODULE_BOARD", "TYPE_BOARD", "STATUS") VALUES ('4', '1', '4', '11', '9', '10000000', '10', '1', '4', '28', 'PLACA', 'ALTA');
INSERT INTO "PORT_EQUIPMENT_MODEL"("QUANTITY", "PORT_F_I", "PORT_F_F", "ID_LIST_PORT", "ID_CONNECTOR", "BW_MAX_PORT", "ID_LABEL", "PORT_L_I", "PORT_L_F", "ID_MODULE_BOARD", "TYPE_BOARD", "STATUS") VALUES ('2', '1', '2', '2', '2', '1000000', '9', '1', '2', '38', 'PLACA', 'ALTA');
INSERT INTO "PORT_EQUIPMENT_MODEL"("QUANTITY", "PORT_F_I", "PORT_F_F", "ID_LIST_PORT", "ID_CONNECTOR", "BW_MAX_PORT", "ID_LABEL", "PORT_L_I", "PORT_L_F", "ID_MODULE_BOARD", "TYPE_BOARD", "STATUS") VALUES ('1', '3', '3', '1', '1', '1000000', '9', '3', '3', '38', 'PLACA', 'ALTA');
INSERT INTO "PORT_EQUIPMENT_MODEL"("QUANTITY", "PORT_F_I", "PORT_F_F", "ID_LIST_PORT", "ID_CONNECTOR", "BW_MAX_PORT", "ID_LABEL", "PORT_L_I", "PORT_L_F", "ID_MODULE_BOARD", "TYPE_BOARD", "STATUS") VALUES ('2', '4', '5', '2', '10', '10000000', '10', '4', '5', '38', 'PLACA', 'ALTA');
INSERT INTO "PORT_EQUIPMENT_MODEL"("QUANTITY", "PORT_F_I", "PORT_F_F", "ID_LIST_PORT", "ID_CONNECTOR", "BW_MAX_PORT", "ID_LABEL", "PORT_L_I", "PORT_L_F", "ID_MODULE_BOARD", "TYPE_BOARD", "STATUS") VALUES ('8', '0', '7', '2', '2', '1000000', '9', '0', '7', '26', 'PLACA', 'ALTA');
INSERT INTO "PORT_EQUIPMENT_MODEL"("QUANTITY", "PORT_F_I", "PORT_F_F", "ID_LIST_PORT", "ID_CONNECTOR", "BW_MAX_PORT", "ID_LABEL", "PORT_L_I", "PORT_L_F", "ID_MODULE_BOARD", "TYPE_BOARD", "STATUS") VALUES ('1', '8', '8', '9', '6', '10000000', '10', '8', '8', '26', 'PLACA', 'ALTA');
INSERT INTO "PORT_EQUIPMENT_MODEL"("QUANTITY", "PORT_F_I", "PORT_F_F", "ID_LIST_PORT", "ID_CONNECTOR", "BW_MAX_PORT", "ID_LABEL", "PORT_L_I", "PORT_L_F", "ID_MODULE_BOARD", "TYPE_BOARD", "STATUS") VALUES ('8', '0', '7', '11', '9', '10000000', '10', '0', '7', '27', 'PLACA', 'ALTA');
INSERT INTO "PORT_EQUIPMENT_MODEL"("QUANTITY", "PORT_F_I", "PORT_F_F", "ID_LIST_PORT", "ID_CONNECTOR", "BW_MAX_PORT", "ID_LABEL", "PORT_L_I", "PORT_L_F", "ID_MODULE_BOARD", "TYPE_BOARD", "STATUS") VALUES ('20', '0', '19', '2', '2', '1000000', '9', '0', '19', '18', 'PLACA', 'ALTA');
INSERT INTO "PORT_EQUIPMENT_MODEL"("QUANTITY", "PORT_F_I", "PORT_F_F", "ID_LIST_PORT", "ID_CONNECTOR", "BW_MAX_PORT", "ID_LABEL", "PORT_L_I", "PORT_L_F", "ID_MODULE_BOARD", "TYPE_BOARD", "STATUS") VALUES ('8', '0', '7', '9', '6', '10000000', '10', '0', '7', '19', 'PLACA', 'ALTA');
INSERT INTO "PORT_EQUIPMENT_MODEL"("QUANTITY", "PORT_F_I", "PORT_F_F", "ID_LIST_PORT", "ID_CONNECTOR", "BW_MAX_PORT", "ID_LABEL", "PORT_L_I", "PORT_L_F", "ID_MODULE_BOARD", "TYPE_BOARD", "STATUS") VALUES ('4', '0', '3', '11', '9', '10000000', '10', '0', '3', '20', 'PLACA', 'ALTA');
INSERT INTO "PORT_EQUIPMENT_MODEL"("QUANTITY", "PORT_F_I", "PORT_F_F", "ID_LIST_PORT", "ID_CONNECTOR", "BW_MAX_PORT", "ID_LABEL", "PORT_L_I", "PORT_L_F", "ID_MODULE_BOARD", "TYPE_BOARD", "STATUS") VALUES ('20', '0', '19', '2', '2', '1000000', '9', '0', '19', '41', 'PLACA', 'ALTA');
INSERT INTO "PORT_EQUIPMENT_MODEL"("QUANTITY", "PORT_F_I", "PORT_F_F", "ID_LIST_PORT", "ID_CONNECTOR", "BW_MAX_PORT", "ID_LABEL", "PORT_L_I", "PORT_L_F", "ID_MODULE_BOARD", "TYPE_BOARD", "STATUS") VALUES ('2', '0', '1', '11', '9', '10000000', '10', '0', '1', '41', 'PLACA', 'ALTA');
INSERT INTO "PORT_EQUIPMENT_MODEL"("QUANTITY", "PORT_F_I", "PORT_F_F", "ID_LIST_PORT", "ID_CONNECTOR", "BW_MAX_PORT", "ID_LABEL", "PORT_L_I", "PORT_L_F", "ID_MODULE_BOARD", "TYPE_BOARD", "STATUS") VALUES ('40', '0', '39', '2', '2', '1000000', '9', '0', '39', '42', 'PLACA', 'ALTA');
INSERT INTO "PORT_EQUIPMENT_MODEL"("QUANTITY", "PORT_F_I", "PORT_F_F", "ID_LIST_PORT", "ID_CONNECTOR", "BW_MAX_PORT", "ID_LABEL", "PORT_L_I", "PORT_L_F", "ID_MODULE_BOARD", "TYPE_BOARD", "STATUS") VALUES ('12', '0', '11', '12', '11', '10000000', '10', '0', '11', '29', 'PLACA', 'ALTA');
INSERT INTO "PORT_EQUIPMENT_MODEL"("QUANTITY", "PORT_F_I", "PORT_F_F", "ID_LIST_PORT", "ID_CONNECTOR", "BW_MAX_PORT", "ID_LABEL", "PORT_L_I", "PORT_L_F", "ID_MODULE_BOARD", "TYPE_BOARD", "STATUS") VALUES ('12', '12', '23', '12', '11', '1000000', '9', '12', '23', '29', 'PLACA', 'ALTA');
INSERT INTO "PORT_EQUIPMENT_MODEL"("QUANTITY", "PORT_F_I", "PORT_F_F", "ID_LIST_PORT", "ID_CONNECTOR", "BW_MAX_PORT", "ID_LABEL", "PORT_L_I", "PORT_L_F", "ID_MODULE_BOARD", "TYPE_BOARD", "STATUS") VALUES ('12', '24', '35', '12', '11', '10000000', '10', '24', '35', '29', 'PLACA', 'ALTA');
INSERT INTO "PORT_EQUIPMENT_MODEL"("QUANTITY", "PORT_F_I", "PORT_F_F", "ID_LIST_PORT", "ID_CONNECTOR", "BW_MAX_PORT", "ID_LABEL", "PORT_L_I", "PORT_L_F", "ID_MODULE_BOARD", "TYPE_BOARD", "STATUS") VALUES ('12', '36', '47', '12', '11', '1000000', '9', '36', '47', '29', 'PLACA', 'ALTA');
INSERT INTO "PORT_EQUIPMENT_MODEL"("QUANTITY", "PORT_F_I", "PORT_F_F", "ID_LIST_PORT", "ID_CONNECTOR", "BW_MAX_PORT", "ID_LABEL", "PORT_L_I", "PORT_L_F", "ID_MODULE_BOARD", "TYPE_BOARD", "STATUS") VALUES ('4', '1', '4', '11', '9', '10000000', '10', '1', '4', '39', 'PLACA', 'ALTA');
INSERT INTO "PORT_EQUIPMENT_MODEL"("QUANTITY", "PORT_F_I", "PORT_F_F", "ID_LIST_PORT", "ID_CONNECTOR", "BW_MAX_PORT", "ID_LABEL", "PORT_L_I", "PORT_L_F", "ID_MODULE_BOARD", "TYPE_BOARD", "STATUS") VALUES ('40', '1', '40', '2', '2', '1000000', '9', '1', '40', '30', 'PLACA', 'ALTA');
INSERT INTO "PORT_EQUIPMENT_MODEL"("QUANTITY", "PORT_F_I", "PORT_F_F", "ID_LIST_PORT", "ID_CONNECTOR", "BW_MAX_PORT", "ID_LABEL", "PORT_L_I", "PORT_L_F", "ID_MODULE_BOARD", "TYPE_BOARD", "STATUS") VALUES ('1', '1', '1', '2', '2', '1000000', '9', '1', '1', '36', 'PLACA', 'ALTA');
INSERT INTO "PORT_EQUIPMENT_MODEL"("QUANTITY", "PORT_F_I", "PORT_F_F", "ID_LIST_PORT", "ID_CONNECTOR", "BW_MAX_PORT", "ID_LABEL", "PORT_L_I", "PORT_L_F", "ID_MODULE_BOARD", "TYPE_BOARD", "STATUS") VALUES ('1', '2', '2', '8', '5', '1000000', '9', '2', '2', '36', 'PLACA', 'ALTA');
INSERT INTO "PORT_EQUIPMENT_MODEL"("QUANTITY", "PORT_F_I", "PORT_F_F", "ID_LIST_PORT", "ID_CONNECTOR", "BW_MAX_PORT", "ID_LABEL", "PORT_L_I", "PORT_L_F", "ID_MODULE_BOARD", "TYPE_BOARD", "STATUS") VALUES ('24', '1', '24', '2', '2', '1000000', '9', '1', '24', '37', 'ONBOARD', 'ALTA');
INSERT INTO "PORT_EQUIPMENT_MODEL"("QUANTITY", "PORT_F_I", "PORT_F_F", "ID_LIST_PORT", "ID_CONNECTOR", "BW_MAX_PORT", "ID_LABEL", "PORT_L_I", "PORT_L_F", "ID_MODULE_BOARD", "TYPE_BOARD", "STATUS") VALUES ('2', '1', '2', '9', '6', '10000000', '10', '1', '2', '37', 'ONBOARD', 'ALTA');
INSERT INTO "PORT_EQUIPMENT_MODEL"("QUANTITY", "PORT_F_I", "PORT_F_F", "ID_LIST_PORT", "ID_CONNECTOR", "BW_MAX_PORT", "ID_LABEL", "PORT_L_I", "PORT_L_F", "ID_MODULE_BOARD", "TYPE_BOARD", "STATUS") VALUES ('4', '0', '3', '1', '1', '100000', '6', '0', '3', '43', 'ONBOARD', 'ALTA');
INSERT INTO "PORT_EQUIPMENT_MODEL"("QUANTITY", "PORT_F_I", "PORT_F_F", "ID_LIST_PORT", "ID_CONNECTOR", "BW_MAX_PORT", "ID_LABEL", "PORT_L_I", "PORT_L_F", "ID_MODULE_BOARD", "TYPE_BOARD", "STATUS") VALUES ('24', '1', '24', '1', '1', '1000000', '2', '1', '24', '44', 'ONBOARD', 'ALTA');
INSERT INTO "PORT_EQUIPMENT_MODEL"("QUANTITY", "PORT_F_I", "PORT_F_F", "ID_LIST_PORT", "ID_CONNECTOR", "BW_MAX_PORT", "ID_LABEL", "PORT_L_I", "PORT_L_F", "ID_MODULE_BOARD", "TYPE_BOARD", "STATUS") VALUES ('2', '25', '26', '8', '5', '1000000', '2', '25', '26', '44', 'ONBOARD', 'ALTA');
INSERT INTO "PORT_EQUIPMENT_MODEL"("QUANTITY", "PORT_F_I", "PORT_F_F", "ID_LIST_PORT", "ID_CONNECTOR", "BW_MAX_PORT", "ID_LABEL", "PORT_L_I", "PORT_L_F", "ID_MODULE_BOARD", "TYPE_BOARD", "STATUS") VALUES ('2', '27', '28', '2', '2', '1000000', '2', '27', '28', '44', 'ONBOARD', 'ALTA');
INSERT INTO "PORT_EQUIPMENT_MODEL"("QUANTITY", "PORT_F_I", "PORT_F_F", "ID_LIST_PORT", "ID_CONNECTOR", "BW_MAX_PORT", "ID_LABEL", "PORT_L_I", "PORT_L_F", "ID_MODULE_BOARD", "TYPE_BOARD", "STATUS") VALUES ('20', '1', '20', '1', '1', '1000000', '2', '1', '20', '45', 'ONBOARD', 'ALTA');
INSERT INTO "PORT_EQUIPMENT_MODEL"("QUANTITY", "PORT_F_I", "PORT_F_F", "ID_LIST_PORT", "ID_CONNECTOR", "BW_MAX_PORT", "ID_LABEL", "PORT_L_I", "PORT_L_F", "ID_MODULE_BOARD", "TYPE_BOARD", "STATUS") VALUES ('4', '21', '24', '8', '5', '1000000', '2', '21', '24', '45', 'ONBOARD', 'ALTA');
INSERT INTO "PORT_EQUIPMENT_MODEL"("QUANTITY", "PORT_F_I", "PORT_F_F", "ID_LIST_PORT", "ID_CONNECTOR", "BW_MAX_PORT", "ID_LABEL", "PORT_L_I", "PORT_L_F", "ID_MODULE_BOARD", "TYPE_BOARD", "STATUS") VALUES ('4', '25', '28', '2', '2', '1000000', '2', '25', '28', '45', 'ONBOARD', 'ALTA');
INSERT INTO "PORT_EQUIPMENT_MODEL"("QUANTITY", "PORT_F_I", "PORT_F_F", "ID_LIST_PORT", "ID_CONNECTOR", "BW_MAX_PORT", "ID_LABEL", "PORT_L_I", "PORT_L_F", "ID_MODULE_BOARD", "TYPE_BOARD", "STATUS") VALUES ('4', '1', '4', '2', '2', '1000000', '2', '1', '4', '44', 'ONBOARD', 'ALTA');

INSERT INTO "RELATION_MODEL_FUNCTION"("ID_EQUIPMENT_MODEL", "ID_FUNCTION_EQUIPMENT_MODEL", "STATUS") VALUES ('1', '2', 'Activo');
INSERT INTO "RELATION_MODEL_FUNCTION"("ID_EQUIPMENT_MODEL", "ID_FUNCTION_EQUIPMENT_MODEL", "STATUS") VALUES ('2', '2', 'Activo');
INSERT INTO "RELATION_MODEL_FUNCTION"("ID_EQUIPMENT_MODEL", "ID_FUNCTION_EQUIPMENT_MODEL", "STATUS") VALUES ('3', '2', 'Activo');
INSERT INTO "RELATION_MODEL_FUNCTION"("ID_EQUIPMENT_MODEL", "ID_FUNCTION_EQUIPMENT_MODEL", "STATUS") VALUES ('4', '2', 'Activo');
INSERT INTO "RELATION_MODEL_FUNCTION"("ID_EQUIPMENT_MODEL", "ID_FUNCTION_EQUIPMENT_MODEL", "STATUS") VALUES ('5', '2', 'Activo');
INSERT INTO "RELATION_MODEL_FUNCTION"("ID_EQUIPMENT_MODEL", "ID_FUNCTION_EQUIPMENT_MODEL", "STATUS") VALUES ('6', '2', 'Activo');
INSERT INTO "RELATION_MODEL_FUNCTION"("ID_EQUIPMENT_MODEL", "ID_FUNCTION_EQUIPMENT_MODEL", "STATUS") VALUES ('7', '2', 'Activo');
INSERT INTO "RELATION_MODEL_FUNCTION"("ID_EQUIPMENT_MODEL", "ID_FUNCTION_EQUIPMENT_MODEL", "STATUS") VALUES ('8', '2', 'Activo');
INSERT INTO "RELATION_MODEL_FUNCTION"("ID_EQUIPMENT_MODEL", "ID_FUNCTION_EQUIPMENT_MODEL", "STATUS") VALUES ('9', '2', 'Activo');
INSERT INTO "RELATION_MODEL_FUNCTION"("ID_EQUIPMENT_MODEL", "ID_FUNCTION_EQUIPMENT_MODEL", "STATUS") VALUES ('10', '2', 'Activo');
INSERT INTO "RELATION_MODEL_FUNCTION"("ID_EQUIPMENT_MODEL", "ID_FUNCTION_EQUIPMENT_MODEL", "STATUS") VALUES ('11', '2', 'Activo');
INSERT INTO "RELATION_MODEL_FUNCTION"("ID_EQUIPMENT_MODEL", "ID_FUNCTION_EQUIPMENT_MODEL", "STATUS") VALUES ('12', '2', 'Activo');
INSERT INTO "RELATION_MODEL_FUNCTION"("ID_EQUIPMENT_MODEL", "ID_FUNCTION_EQUIPMENT_MODEL", "STATUS") VALUES ('13', '2', 'Activo');
INSERT INTO "RELATION_MODEL_FUNCTION"("ID_EQUIPMENT_MODEL", "ID_FUNCTION_EQUIPMENT_MODEL", "STATUS") VALUES ('14', '2', 'Activo');
INSERT INTO "RELATION_MODEL_FUNCTION"("ID_EQUIPMENT_MODEL", "ID_FUNCTION_EQUIPMENT_MODEL", "STATUS") VALUES ('15', '2', 'Activo');
INSERT INTO "RELATION_MODEL_FUNCTION"("ID_EQUIPMENT_MODEL", "ID_FUNCTION_EQUIPMENT_MODEL", "STATUS") VALUES ('16', '2', 'Activo');
INSERT INTO "RELATION_MODEL_FUNCTION"("ID_EQUIPMENT_MODEL", "ID_FUNCTION_EQUIPMENT_MODEL", "STATUS") VALUES ('17', '2', 'Activo');
INSERT INTO "RELATION_MODEL_FUNCTION"("ID_EQUIPMENT_MODEL", "ID_FUNCTION_EQUIPMENT_MODEL", "STATUS") VALUES ('18', '2', 'Activo');
INSERT INTO "RELATION_MODEL_FUNCTION"("ID_EQUIPMENT_MODEL", "ID_FUNCTION_EQUIPMENT_MODEL", "STATUS") VALUES ('19', '2', 'Activo');
INSERT INTO "RELATION_MODEL_FUNCTION"("ID_EQUIPMENT_MODEL", "ID_FUNCTION_EQUIPMENT_MODEL", "STATUS") VALUES ('20', '2', 'Activo');
INSERT INTO "RELATION_MODEL_FUNCTION"("ID_EQUIPMENT_MODEL", "ID_FUNCTION_EQUIPMENT_MODEL", "STATUS") VALUES ('21', '4', 'Activo');
INSERT INTO "RELATION_MODEL_FUNCTION"("ID_EQUIPMENT_MODEL", "ID_FUNCTION_EQUIPMENT_MODEL", "STATUS") VALUES ('22', '4', 'Activo');
INSERT INTO "RELATION_MODEL_FUNCTION"("ID_EQUIPMENT_MODEL", "ID_FUNCTION_EQUIPMENT_MODEL", "STATUS") VALUES ('23', '4', 'Activo');
INSERT INTO "RELATION_MODEL_FUNCTION"("ID_EQUIPMENT_MODEL", "ID_FUNCTION_EQUIPMENT_MODEL", "STATUS") VALUES ('24', '4', 'Activo');
INSERT INTO "RELATION_MODEL_FUNCTION"("ID_EQUIPMENT_MODEL", "ID_FUNCTION_EQUIPMENT_MODEL", "STATUS") VALUES ('25', '4', 'Activo');
INSERT INTO "RELATION_MODEL_FUNCTION"("ID_EQUIPMENT_MODEL", "ID_FUNCTION_EQUIPMENT_MODEL", "STATUS") VALUES ('26', '4', 'Activo');
INSERT INTO "RELATION_MODEL_FUNCTION"("ID_EQUIPMENT_MODEL", "ID_FUNCTION_EQUIPMENT_MODEL", "STATUS") VALUES ('27', '4', 'Activo');
INSERT INTO "RELATION_MODEL_FUNCTION"("ID_EQUIPMENT_MODEL", "ID_FUNCTION_EQUIPMENT_MODEL", "STATUS") VALUES ('28', '4', 'Activo');
INSERT INTO "RELATION_MODEL_FUNCTION"("ID_EQUIPMENT_MODEL", "ID_FUNCTION_EQUIPMENT_MODEL", "STATUS") VALUES ('29', '1', 'Activo');
INSERT INTO "RELATION_MODEL_FUNCTION"("ID_EQUIPMENT_MODEL", "ID_FUNCTION_EQUIPMENT_MODEL", "STATUS") VALUES ('30', '1', 'Activo');
INSERT INTO "RELATION_MODEL_FUNCTION"("ID_EQUIPMENT_MODEL", "ID_FUNCTION_EQUIPMENT_MODEL", "STATUS") VALUES ('31', '1', 'Activo');
INSERT INTO "RELATION_MODEL_FUNCTION"("ID_EQUIPMENT_MODEL", "ID_FUNCTION_EQUIPMENT_MODEL", "STATUS") VALUES ('32', '1', 'Activo');
INSERT INTO "RELATION_MODEL_FUNCTION"("ID_EQUIPMENT_MODEL", "ID_FUNCTION_EQUIPMENT_MODEL", "STATUS") VALUES ('33', '1', 'Activo');
INSERT INTO "RELATION_MODEL_FUNCTION"("ID_EQUIPMENT_MODEL", "ID_FUNCTION_EQUIPMENT_MODEL", "STATUS") VALUES ('34', '1', 'Activo');
INSERT INTO "RELATION_MODEL_FUNCTION"("ID_EQUIPMENT_MODEL", "ID_FUNCTION_EQUIPMENT_MODEL", "STATUS") VALUES ('35', '1', 'Activo');
INSERT INTO "RELATION_MODEL_FUNCTION"("ID_EQUIPMENT_MODEL", "ID_FUNCTION_EQUIPMENT_MODEL", "STATUS") VALUES ('36', '2', 'Activo');
INSERT INTO "RELATION_MODEL_FUNCTION"("ID_EQUIPMENT_MODEL", "ID_FUNCTION_EQUIPMENT_MODEL", "STATUS") VALUES ('37', '2', 'Activo');
INSERT INTO "RELATION_MODEL_FUNCTION"("ID_EQUIPMENT_MODEL", "ID_FUNCTION_EQUIPMENT_MODEL", "STATUS") VALUES ('38', '2', 'Activo');
INSERT INTO "RELATION_MODEL_FUNCTION"("ID_EQUIPMENT_MODEL", "ID_FUNCTION_EQUIPMENT_MODEL", "STATUS") VALUES ('39', '2', 'Activo');
INSERT INTO "RELATION_MODEL_FUNCTION"("ID_EQUIPMENT_MODEL", "ID_FUNCTION_EQUIPMENT_MODEL", "STATUS") VALUES ('40', '2', 'Activo');
INSERT INTO "RELATION_MODEL_FUNCTION"("ID_EQUIPMENT_MODEL", "ID_FUNCTION_EQUIPMENT_MODEL", "STATUS") VALUES ('41', '2', 'Activo');
INSERT INTO "RELATION_MODEL_FUNCTION"("ID_EQUIPMENT_MODEL", "ID_FUNCTION_EQUIPMENT_MODEL", "STATUS") VALUES ('42', '2', 'Activo');
INSERT INTO "RELATION_MODEL_FUNCTION"("ID_EQUIPMENT_MODEL", "ID_FUNCTION_EQUIPMENT_MODEL", "STATUS") VALUES ('43', '2', 'Activo');
INSERT INTO "RELATION_MODEL_FUNCTION"("ID_EQUIPMENT_MODEL", "ID_FUNCTION_EQUIPMENT_MODEL", "STATUS") VALUES ('44', '4', 'Activo');
INSERT INTO "RELATION_MODEL_FUNCTION"("ID_EQUIPMENT_MODEL", "ID_FUNCTION_EQUIPMENT_MODEL", "STATUS") VALUES ('45', '4', 'Activo');
INSERT INTO "RELATION_MODEL_FUNCTION"("ID_EQUIPMENT_MODEL", "ID_FUNCTION_EQUIPMENT_MODEL", "STATUS") VALUES ('46', '4', 'Activo');
INSERT INTO "RELATION_MODEL_FUNCTION"("ID_EQUIPMENT_MODEL", "ID_FUNCTION_EQUIPMENT_MODEL", "STATUS") VALUES ('47', '2', 'Activo');

INSERT INTO "RELATION_PORT_MODEL"("ID_EQUIPMENT_MODEL", "ID_PORT_EQUIPMENT_MODEL", "STATUS", "DESCRIPTION_LABEL") VALUES ('1', '1', 'Activo', NULL);
INSERT INTO "RELATION_PORT_MODEL"("ID_EQUIPMENT_MODEL", "ID_PORT_EQUIPMENT_MODEL", "STATUS", "DESCRIPTION_LABEL") VALUES ('2', '2', 'Activo', 'frame%0%0%/');
INSERT INTO "RELATION_PORT_MODEL"("ID_EQUIPMENT_MODEL", "ID_PORT_EQUIPMENT_MODEL", "STATUS", "DESCRIPTION_LABEL") VALUES ('3', '3', 'Activo', 'frame%0%0%/');
INSERT INTO "RELATION_PORT_MODEL"("ID_EQUIPMENT_MODEL", "ID_PORT_EQUIPMENT_MODEL", "STATUS", "DESCRIPTION_LABEL") VALUES ('4', '1', 'Activo', NULL);
INSERT INTO "RELATION_PORT_MODEL"("ID_EQUIPMENT_MODEL", "ID_PORT_EQUIPMENT_MODEL", "STATUS", "DESCRIPTION_LABEL") VALUES ('5', '3', 'Activo', 'frame%0%0%/');
INSERT INTO "RELATION_PORT_MODEL"("ID_EQUIPMENT_MODEL", "ID_PORT_EQUIPMENT_MODEL", "STATUS", "DESCRIPTION_LABEL") VALUES ('6', '4', 'Activo', 'frame%0%0%/');
INSERT INTO "RELATION_PORT_MODEL"("ID_EQUIPMENT_MODEL", "ID_PORT_EQUIPMENT_MODEL", "STATUS", "DESCRIPTION_LABEL") VALUES ('7', '4', 'Activo', 'frame%0%0%/');
INSERT INTO "RELATION_PORT_MODEL"("ID_EQUIPMENT_MODEL", "ID_PORT_EQUIPMENT_MODEL", "STATUS", "DESCRIPTION_LABEL") VALUES ('8', '5', 'Activo', 'frame%0%0%/');
INSERT INTO "RELATION_PORT_MODEL"("ID_EQUIPMENT_MODEL", "ID_PORT_EQUIPMENT_MODEL", "STATUS", "DESCRIPTION_LABEL") VALUES ('9', '6', 'Activo', 'frame%0%0%/');
INSERT INTO "RELATION_PORT_MODEL"("ID_EQUIPMENT_MODEL", "ID_PORT_EQUIPMENT_MODEL", "STATUS", "DESCRIPTION_LABEL") VALUES ('13', '10', 'Activo', 'frame%0%0%/');
INSERT INTO "RELATION_PORT_MODEL"("ID_EQUIPMENT_MODEL", "ID_PORT_EQUIPMENT_MODEL", "STATUS", "DESCRIPTION_LABEL") VALUES ('12', '21', 'Activo', 'fRAME%0%0%/#SLOT%0%3%/');
INSERT INTO "RELATION_PORT_MODEL"("ID_EQUIPMENT_MODEL", "ID_PORT_EQUIPMENT_MODEL", "STATUS", "DESCRIPTION_LABEL") VALUES ('13', '24', 'Activo', 'fRAME%0%0%/#SLOT%0%3%/');
INSERT INTO "RELATION_PORT_MODEL"("ID_EQUIPMENT_MODEL", "ID_PORT_EQUIPMENT_MODEL", "STATUS", "DESCRIPTION_LABEL") VALUES ('11', '24', 'Activo', 'fRAME%0%0%/#SLOT%0%3%/');
INSERT INTO "RELATION_PORT_MODEL"("ID_EQUIPMENT_MODEL", "ID_PORT_EQUIPMENT_MODEL", "STATUS", "DESCRIPTION_LABEL") VALUES ('11', '22', 'Activo', 'fRAME%0%0%/#SLOT%0%3%/');
INSERT INTO "RELATION_PORT_MODEL"("ID_EQUIPMENT_MODEL", "ID_PORT_EQUIPMENT_MODEL", "STATUS", "DESCRIPTION_LABEL") VALUES ('11', '36', 'Activo', 'fRAME%0%0%/#SLOT%0%3%/');
INSERT INTO "RELATION_PORT_MODEL"("ID_EQUIPMENT_MODEL", "ID_PORT_EQUIPMENT_MODEL", "STATUS", "DESCRIPTION_LABEL") VALUES ('10', '21', 'Activo', 'fRAME%0%0%/#SLOT%0%3%/');
INSERT INTO "RELATION_PORT_MODEL"("ID_EQUIPMENT_MODEL", "ID_PORT_EQUIPMENT_MODEL", "STATUS", "DESCRIPTION_LABEL") VALUES ('10', '23', 'Activo', 'fRAME%0%0%/#SLOT%0%3%/');
INSERT INTO "RELATION_PORT_MODEL"("ID_EQUIPMENT_MODEL", "ID_PORT_EQUIPMENT_MODEL", "STATUS", "DESCRIPTION_LABEL") VALUES ('10', '24', 'Activo', 'fRAME%0%0%/#SLOT%0%3%/');
INSERT INTO "RELATION_PORT_MODEL"("ID_EQUIPMENT_MODEL", "ID_PORT_EQUIPMENT_MODEL", "STATUS", "DESCRIPTION_LABEL") VALUES ('10', '22', 'Activo', 'fRAME%0%0%/#SLOT%0%3%/');
INSERT INTO "RELATION_PORT_MODEL"("ID_EQUIPMENT_MODEL", "ID_PORT_EQUIPMENT_MODEL", "STATUS", "DESCRIPTION_LABEL") VALUES ('10', '36', 'Activo', 'fRAME%0%0%/#SLOT%0%3%/');
INSERT INTO "RELATION_PORT_MODEL"("ID_EQUIPMENT_MODEL", "ID_PORT_EQUIPMENT_MODEL", "STATUS", "DESCRIPTION_LABEL") VALUES ('9', '21', 'Activo', 'fRAME%0%0%/#SLOT%0%3%/');
INSERT INTO "RELATION_PORT_MODEL"("ID_EQUIPMENT_MODEL", "ID_PORT_EQUIPMENT_MODEL", "STATUS", "DESCRIPTION_LABEL") VALUES ('9', '23', 'Activo', 'fRAME%0%0%/#SLOT%0%3%/');
INSERT INTO "RELATION_PORT_MODEL"("ID_EQUIPMENT_MODEL", "ID_PORT_EQUIPMENT_MODEL", "STATUS", "DESCRIPTION_LABEL") VALUES ('9', '24', 'Activo', 'fRAME%0%0%/#SLOT%0%3%/');
INSERT INTO "RELATION_PORT_MODEL"("ID_EQUIPMENT_MODEL", "ID_PORT_EQUIPMENT_MODEL", "STATUS", "DESCRIPTION_LABEL") VALUES ('9', '22', 'Activo', 'fRAME%0%0%/#SLOT%0%3%/');
INSERT INTO "RELATION_PORT_MODEL"("ID_EQUIPMENT_MODEL", "ID_PORT_EQUIPMENT_MODEL", "STATUS", "DESCRIPTION_LABEL") VALUES ('9', '36', 'Activo', 'fRAME%0%0%/#SLOT%0%3%/');
INSERT INTO "RELATION_PORT_MODEL"("ID_EQUIPMENT_MODEL", "ID_PORT_EQUIPMENT_MODEL", "STATUS", "DESCRIPTION_LABEL") VALUES ('8', '21', 'Activo', 'fRAME%0%0%/#SLOT%0%3%/');
INSERT INTO "RELATION_PORT_MODEL"("ID_EQUIPMENT_MODEL", "ID_PORT_EQUIPMENT_MODEL", "STATUS", "DESCRIPTION_LABEL") VALUES ('8', '23', 'Activo', 'fRAME%0%0%/#SLOT%0%3%/');
INSERT INTO "RELATION_PORT_MODEL"("ID_EQUIPMENT_MODEL", "ID_PORT_EQUIPMENT_MODEL", "STATUS", "DESCRIPTION_LABEL") VALUES ('8', '24', 'Activo', 'fRAME%0%0%/#SLOT%0%3%/');
INSERT INTO "RELATION_PORT_MODEL"("ID_EQUIPMENT_MODEL", "ID_PORT_EQUIPMENT_MODEL", "STATUS", "DESCRIPTION_LABEL") VALUES ('8', '22', 'Activo', 'fRAME%0%0%/#SLOT%0%3%/');
INSERT INTO "RELATION_PORT_MODEL"("ID_EQUIPMENT_MODEL", "ID_PORT_EQUIPMENT_MODEL", "STATUS", "DESCRIPTION_LABEL") VALUES ('8', '36', 'Activo', 'fRAME%0%0%/#SLOT%0%3%/');
INSERT INTO "RELATION_PORT_MODEL"("ID_EQUIPMENT_MODEL", "ID_PORT_EQUIPMENT_MODEL", "STATUS", "DESCRIPTION_LABEL") VALUES ('7', '21', 'Activo', 'fRAME%0%0%/#SLOT%0%3%/');
INSERT INTO "RELATION_PORT_MODEL"("ID_EQUIPMENT_MODEL", "ID_PORT_EQUIPMENT_MODEL", "STATUS", "DESCRIPTION_LABEL") VALUES ('7', '23', 'Activo', 'fRAME%0%0%/#SLOT%0%3%/');
INSERT INTO "RELATION_PORT_MODEL"("ID_EQUIPMENT_MODEL", "ID_PORT_EQUIPMENT_MODEL", "STATUS", "DESCRIPTION_LABEL") VALUES ('7', '24', 'Activo', 'fRAME%0%0%/#SLOT%0%3%/');
INSERT INTO "RELATION_PORT_MODEL"("ID_EQUIPMENT_MODEL", "ID_PORT_EQUIPMENT_MODEL", "STATUS", "DESCRIPTION_LABEL") VALUES ('21', '27', 'Activo', 'fRAME%0%0%/#SLOT%0%0%/');
INSERT INTO "RELATION_PORT_MODEL"("ID_EQUIPMENT_MODEL", "ID_PORT_EQUIPMENT_MODEL", "STATUS", "DESCRIPTION_LABEL") VALUES ('21', '28', 'Activo', 'fRAME%0%0%/#SLOT%0%0%/');
INSERT INTO "RELATION_PORT_MODEL"("ID_EQUIPMENT_MODEL", "ID_PORT_EQUIPMENT_MODEL", "STATUS", "DESCRIPTION_LABEL") VALUES ('22', '26', 'Activo', 'fRAME%0%0%/#SLOT%0%0%/');
INSERT INTO "RELATION_PORT_MODEL"("ID_EQUIPMENT_MODEL", "ID_PORT_EQUIPMENT_MODEL", "STATUS", "DESCRIPTION_LABEL") VALUES ('22', '27', 'Activo', 'fRAME%0%0%/#SLOT%0%0%/');
INSERT INTO "RELATION_PORT_MODEL"("ID_EQUIPMENT_MODEL", "ID_PORT_EQUIPMENT_MODEL", "STATUS", "DESCRIPTION_LABEL") VALUES ('22', '28', 'Activo', 'fRAME%0%0%/#SLOT%0%0%/');
INSERT INTO "RELATION_PORT_MODEL"("ID_EQUIPMENT_MODEL", "ID_PORT_EQUIPMENT_MODEL", "STATUS", "DESCRIPTION_LABEL") VALUES ('23', '30', 'Activo', 'fRAME%0%0%/#SLOT%0%0%/');
INSERT INTO "RELATION_PORT_MODEL"("ID_EQUIPMENT_MODEL", "ID_PORT_EQUIPMENT_MODEL", "STATUS", "DESCRIPTION_LABEL") VALUES ('23', '31', 'Activo', 'fRAME%0%0%/#SLOT%0%0%/');
INSERT INTO "RELATION_PORT_MODEL"("ID_EQUIPMENT_MODEL", "ID_PORT_EQUIPMENT_MODEL", "STATUS", "DESCRIPTION_LABEL") VALUES ('24', '32', 'Activo', 'fRAME%0%0%/#SLOT%0%0%/');
INSERT INTO "RELATION_PORT_MODEL"("ID_EQUIPMENT_MODEL", "ID_PORT_EQUIPMENT_MODEL", "STATUS", "DESCRIPTION_LABEL") VALUES ('24', '33', 'Activo', 'fRAME%0%0%/#SLOT%0%0%/');
INSERT INTO "RELATION_PORT_MODEL"("ID_EQUIPMENT_MODEL", "ID_PORT_EQUIPMENT_MODEL", "STATUS", "DESCRIPTION_LABEL") VALUES ('24', '34', 'Activo', 'fRAME%0%0%/#SLOT%0%0%/');
INSERT INTO "RELATION_PORT_MODEL"("ID_EQUIPMENT_MODEL", "ID_PORT_EQUIPMENT_MODEL", "STATUS", "DESCRIPTION_LABEL") VALUES ('25', '32', 'Activo', 'fRAME%0%0%/#SLOT%0%0%/');
INSERT INTO "RELATION_PORT_MODEL"("ID_EQUIPMENT_MODEL", "ID_PORT_EQUIPMENT_MODEL", "STATUS", "DESCRIPTION_LABEL") VALUES ('25', '33', 'Activo', 'fRAME%0%0%/#SLOT%0%0%/');
INSERT INTO "RELATION_PORT_MODEL"("ID_EQUIPMENT_MODEL", "ID_PORT_EQUIPMENT_MODEL", "STATUS", "DESCRIPTION_LABEL") VALUES ('25', '34', 'Activo', 'fRAME%0%0%/#SLOT%0%0%/');
INSERT INTO "RELATION_PORT_MODEL"("ID_EQUIPMENT_MODEL", "ID_PORT_EQUIPMENT_MODEL", "STATUS", "DESCRIPTION_LABEL") VALUES ('27', '35', 'Activo', 'fRAME%0%0%/');
INSERT INTO "RELATION_PORT_MODEL"("ID_EQUIPMENT_MODEL", "ID_PORT_EQUIPMENT_MODEL", "STATUS", "DESCRIPTION_LABEL") VALUES ('27', '38', 'Activo', 'fRAME%0%0%/');
INSERT INTO "RELATION_PORT_MODEL"("ID_EQUIPMENT_MODEL", "ID_PORT_EQUIPMENT_MODEL", "STATUS", "DESCRIPTION_LABEL") VALUES ('28', '39', 'Activo', 'fRAME%1%1%/#SLOT%0%0%/');
INSERT INTO "RELATION_PORT_MODEL"("ID_EQUIPMENT_MODEL", "ID_PORT_EQUIPMENT_MODEL", "STATUS", "DESCRIPTION_LABEL") VALUES ('28', '40', 'Activo', 'fRAME%1%1%/#SLOT%1%1%/');
INSERT INTO "RELATION_PORT_MODEL"("ID_EQUIPMENT_MODEL", "ID_PORT_EQUIPMENT_MODEL", "STATUS", "DESCRIPTION_LABEL") VALUES ('29', '41', 'Activo', 'SLOT%1%9%/');
INSERT INTO "RELATION_PORT_MODEL"("ID_EQUIPMENT_MODEL", "ID_PORT_EQUIPMENT_MODEL", "STATUS", "DESCRIPTION_LABEL") VALUES ('29', '47', 'Activo', 'SLOT%1%9%/');
INSERT INTO "RELATION_PORT_MODEL"("ID_EQUIPMENT_MODEL", "ID_PORT_EQUIPMENT_MODEL", "STATUS", "DESCRIPTION_LABEL") VALUES ('29', '45', 'Activo', 'SLOT%1%9%/');
INSERT INTO "RELATION_PORT_MODEL"("ID_EQUIPMENT_MODEL", "ID_PORT_EQUIPMENT_MODEL", "STATUS", "DESCRIPTION_LABEL") VALUES ('29', '46', 'Activo', 'SLOT%1%9%/');
INSERT INTO "RELATION_PORT_MODEL"("ID_EQUIPMENT_MODEL", "ID_PORT_EQUIPMENT_MODEL", "STATUS", "DESCRIPTION_LABEL") VALUES ('32', '56', 'Activo', 'fRAME%0%0%/#SLOT%0%7%/#SUBSLOT%0%1%/');
INSERT INTO "RELATION_PORT_MODEL"("ID_EQUIPMENT_MODEL", "ID_PORT_EQUIPMENT_MODEL", "STATUS", "DESCRIPTION_LABEL") VALUES ('32', '57', 'Activo', 'fRAME%0%0%/#SLOT%0%7%/#SUBSLOT%0%1%/');
INSERT INTO "RELATION_PORT_MODEL"("ID_EQUIPMENT_MODEL", "ID_PORT_EQUIPMENT_MODEL", "STATUS", "DESCRIPTION_LABEL") VALUES ('32', '58', 'Activo', 'fRAME%0%0%/#SLOT%0%7%/#SUBSLOT%0%1%/');
INSERT INTO "RELATION_PORT_MODEL"("ID_EQUIPMENT_MODEL", "ID_PORT_EQUIPMENT_MODEL", "STATUS", "DESCRIPTION_LABEL") VALUES ('32', '59', 'Activo', 'fRAME%0%0%/#SLOT%0%7%/#SUBSLOT%0%1%/');
INSERT INTO "RELATION_PORT_MODEL"("ID_EQUIPMENT_MODEL", "ID_PORT_EQUIPMENT_MODEL", "STATUS", "DESCRIPTION_LABEL") VALUES ('32', '60', 'Activo', 'fRAME%0%0%/#SLOT%0%7%/#SUBSLOT%0%1%/');
INSERT INTO "RELATION_PORT_MODEL"("ID_EQUIPMENT_MODEL", "ID_PORT_EQUIPMENT_MODEL", "STATUS", "DESCRIPTION_LABEL") VALUES ('33', '57', 'Activo', 'fRAME%0%0%/#SLOT%0%3%/#SUBSLOT%0%1%/');
INSERT INTO "RELATION_PORT_MODEL"("ID_EQUIPMENT_MODEL", "ID_PORT_EQUIPMENT_MODEL", "STATUS", "DESCRIPTION_LABEL") VALUES ('33', '58', 'Activo', 'fRAME%0%0%/#SLOT%0%3%/#SUBSLOT%0%1%/');
INSERT INTO "RELATION_PORT_MODEL"("ID_EQUIPMENT_MODEL", "ID_PORT_EQUIPMENT_MODEL", "STATUS", "DESCRIPTION_LABEL") VALUES ('33', '59', 'Activo', 'fRAME%0%0%/#SLOT%0%3%/#SUBSLOT%0%1%/');
INSERT INTO "RELATION_PORT_MODEL"("ID_EQUIPMENT_MODEL", "ID_PORT_EQUIPMENT_MODEL", "STATUS", "DESCRIPTION_LABEL") VALUES ('33', '60', 'Activo', 'fRAME%0%0%/#SLOT%0%3%/#SUBSLOT%0%1%/');
INSERT INTO "RELATION_PORT_MODEL"("ID_EQUIPMENT_MODEL", "ID_PORT_EQUIPMENT_MODEL", "STATUS", "DESCRIPTION_LABEL") VALUES ('33', '56', 'Activo', 'fRAME%0%0%/#SLOT%0%3%/#SUBSLOT%0%1%/');
INSERT INTO "RELATION_PORT_MODEL"("ID_EQUIPMENT_MODEL", "ID_PORT_EQUIPMENT_MODEL", "STATUS", "DESCRIPTION_LABEL") VALUES ('33', '54', 'Activo', 'fRAME%0%0%/#SLOT%0%3%/#SUBSLOT%0%1%/');
INSERT INTO "RELATION_PORT_MODEL"("ID_EQUIPMENT_MODEL", "ID_PORT_EQUIPMENT_MODEL", "STATUS", "DESCRIPTION_LABEL") VALUES ('33', '55', 'Activo', 'fRAME%0%0%/#SLOT%0%3%/#SUBSLOT%0%1%/');
INSERT INTO "RELATION_PORT_MODEL"("ID_EQUIPMENT_MODEL", "ID_PORT_EQUIPMENT_MODEL", "STATUS", "DESCRIPTION_LABEL") VALUES ('33', '50', 'Activo', 'fRAME%0%0%/#SLOT%0%3%/#SUBSLOT%0%1%/');
INSERT INTO "RELATION_PORT_MODEL"("ID_EQUIPMENT_MODEL", "ID_PORT_EQUIPMENT_MODEL", "STATUS", "DESCRIPTION_LABEL") VALUES ('33', '51', 'Activo', 'fRAME%0%0%/#SLOT%0%3%/#SUBSLOT%0%1%/');
INSERT INTO "RELATION_PORT_MODEL"("ID_EQUIPMENT_MODEL", "ID_PORT_EQUIPMENT_MODEL", "STATUS", "DESCRIPTION_LABEL") VALUES ('33', '52', 'Activo', 'fRAME%0%0%/#SLOT%0%3%/#SUBSLOT%0%1%/');
INSERT INTO "RELATION_PORT_MODEL"("ID_EQUIPMENT_MODEL", "ID_PORT_EQUIPMENT_MODEL", "STATUS", "DESCRIPTION_LABEL") VALUES ('33', '53', 'Activo', 'fRAME%0%0%/#SLOT%0%3%/#SUBSLOT%0%1%/');
INSERT INTO "RELATION_PORT_MODEL"("ID_EQUIPMENT_MODEL", "ID_PORT_EQUIPMENT_MODEL", "STATUS", "DESCRIPTION_LABEL") VALUES ('34', '63', 'Activo', 'SLOT%1%6%/');
INSERT INTO "RELATION_PORT_MODEL"("ID_EQUIPMENT_MODEL", "ID_PORT_EQUIPMENT_MODEL", "STATUS", "DESCRIPTION_LABEL") VALUES ('34', '64', 'Activo', 'SLOT%1%6%/');
INSERT INTO "RELATION_PORT_MODEL"("ID_EQUIPMENT_MODEL", "ID_PORT_EQUIPMENT_MODEL", "STATUS", "DESCRIPTION_LABEL") VALUES ('34', '62', 'Activo', 'SLOT%1%6%/');
INSERT INTO "RELATION_PORT_MODEL"("ID_EQUIPMENT_MODEL", "ID_PORT_EQUIPMENT_MODEL", "STATUS", "DESCRIPTION_LABEL") VALUES ('34', '61', 'Activo', 'SLOT%1%6%/');
INSERT INTO "RELATION_PORT_MODEL"("ID_EQUIPMENT_MODEL", "ID_PORT_EQUIPMENT_MODEL", "STATUS", "DESCRIPTION_LABEL") VALUES ('19', '25', 'Activo', 'frame%0%0%/#SLOT%1%3%/');
INSERT INTO "RELATION_PORT_MODEL"("ID_EQUIPMENT_MODEL", "ID_PORT_EQUIPMENT_MODEL", "STATUS", "DESCRIPTION_LABEL") VALUES ('18', '25', 'Activo', 'frame%0%0%/#SLOT%1%2%/');
INSERT INTO "RELATION_PORT_MODEL"("ID_EQUIPMENT_MODEL", "ID_PORT_EQUIPMENT_MODEL", "STATUS", "DESCRIPTION_LABEL") VALUES ('17', '25', 'Activo', 'frame%0%0%/#SLOT%1%3%/');
INSERT INTO "RELATION_PORT_MODEL"("ID_EQUIPMENT_MODEL", "ID_PORT_EQUIPMENT_MODEL", "STATUS", "DESCRIPTION_LABEL") VALUES ('16', '25', 'Activo', 'FRAME%0%0%/#SLOT%1%2%/');
INSERT INTO "RELATION_PORT_MODEL"("ID_EQUIPMENT_MODEL", "ID_PORT_EQUIPMENT_MODEL", "STATUS", "DESCRIPTION_LABEL") VALUES ('20', '25', 'Activo', 'frame%0%0%/#SLOT%1%2%/');
INSERT INTO "RELATION_PORT_MODEL"("ID_EQUIPMENT_MODEL", "ID_PORT_EQUIPMENT_MODEL", "STATUS", "DESCRIPTION_LABEL") VALUES ('15', '21', 'Activo', 'frame%0%0%/#SLOT%0%2%/');
INSERT INTO "RELATION_PORT_MODEL"("ID_EQUIPMENT_MODEL", "ID_PORT_EQUIPMENT_MODEL", "STATUS", "DESCRIPTION_LABEL") VALUES ('15', '23', 'Activo', 'fRAME%0%0%/#SLOT%0%2%/');
INSERT INTO "RELATION_PORT_MODEL"("ID_EQUIPMENT_MODEL", "ID_PORT_EQUIPMENT_MODEL", "STATUS", "DESCRIPTION_LABEL") VALUES ('15', '24', 'Activo', 'fRAME%0%0%/#SLOT%0%2%/');
INSERT INTO "RELATION_PORT_MODEL"("ID_EQUIPMENT_MODEL", "ID_PORT_EQUIPMENT_MODEL", "STATUS", "DESCRIPTION_LABEL") VALUES ('15', '22', 'Activo', 'fRAME%0%0%/#SLOT%0%2%/');
INSERT INTO "RELATION_PORT_MODEL"("ID_EQUIPMENT_MODEL", "ID_PORT_EQUIPMENT_MODEL", "STATUS", "DESCRIPTION_LABEL") VALUES ('15', '36', 'Activo', 'fRAME%0%0%/#SLOT%0%2%/');
INSERT INTO "RELATION_PORT_MODEL"("ID_EQUIPMENT_MODEL", "ID_PORT_EQUIPMENT_MODEL", "STATUS", "DESCRIPTION_LABEL") VALUES ('14', '21', 'Activo', 'fRAME%0%0%/#SLOT%0%3%/');
INSERT INTO "RELATION_PORT_MODEL"("ID_EQUIPMENT_MODEL", "ID_PORT_EQUIPMENT_MODEL", "STATUS", "DESCRIPTION_LABEL") VALUES ('14', '23', 'Activo', 'fRAME%0%0%/#SLOT%0%3%/');
INSERT INTO "RELATION_PORT_MODEL"("ID_EQUIPMENT_MODEL", "ID_PORT_EQUIPMENT_MODEL", "STATUS", "DESCRIPTION_LABEL") VALUES ('14', '24', 'Activo', 'frame%0%0%/#SLOT%0%3%/');
INSERT INTO "RELATION_PORT_MODEL"("ID_EQUIPMENT_MODEL", "ID_PORT_EQUIPMENT_MODEL", "STATUS", "DESCRIPTION_LABEL") VALUES ('14', '22', 'Activo', 'fRAME%0%0%/#SLOT%0%3%/');
INSERT INTO "RELATION_PORT_MODEL"("ID_EQUIPMENT_MODEL", "ID_PORT_EQUIPMENT_MODEL", "STATUS", "DESCRIPTION_LABEL") VALUES ('14', '36', 'Activo', 'fRAME%0%0%/#SLOT%0%3%/');
INSERT INTO "RELATION_PORT_MODEL"("ID_EQUIPMENT_MODEL", "ID_PORT_EQUIPMENT_MODEL", "STATUS", "DESCRIPTION_LABEL") VALUES ('12', '23', 'Activo', 'frame%0%0%/#SLOT%0%3%/');
INSERT INTO "RELATION_PORT_MODEL"("ID_EQUIPMENT_MODEL", "ID_PORT_EQUIPMENT_MODEL", "STATUS", "DESCRIPTION_LABEL") VALUES ('29', '42', 'Activo', 'SLOT%1%9%/');
INSERT INTO "RELATION_PORT_MODEL"("ID_EQUIPMENT_MODEL", "ID_PORT_EQUIPMENT_MODEL", "STATUS", "DESCRIPTION_LABEL") VALUES ('32', '50', 'Activo', 'fRAME%0%0%/#SLOT%0%7%/#SUBSLOT%0%1%/');
INSERT INTO "RELATION_PORT_MODEL"("ID_EQUIPMENT_MODEL", "ID_PORT_EQUIPMENT_MODEL", "STATUS", "DESCRIPTION_LABEL") VALUES ('32', '51', 'Activo', 'fRAME%0%0%/#SLOT%0%7%/#SUBSLOT%0%1%/');
INSERT INTO "RELATION_PORT_MODEL"("ID_EQUIPMENT_MODEL", "ID_PORT_EQUIPMENT_MODEL", "STATUS", "DESCRIPTION_LABEL") VALUES ('32', '52', 'Activo', 'fRAME%0%0%/#SLOT%0%7%/#SUBSLOT%0%1%/');
INSERT INTO "RELATION_PORT_MODEL"("ID_EQUIPMENT_MODEL", "ID_PORT_EQUIPMENT_MODEL", "STATUS", "DESCRIPTION_LABEL") VALUES ('32', '53', 'Activo', 'fRAME%0%0%/#SLOT%0%7%/#SUBSLOT%0%1%/');
INSERT INTO "RELATION_PORT_MODEL"("ID_EQUIPMENT_MODEL", "ID_PORT_EQUIPMENT_MODEL", "STATUS", "DESCRIPTION_LABEL") VALUES ('32', '54', 'Activo', 'fRAME%0%0%/#SLOT%0%7%/#SUBSLOT%0%1%/');
INSERT INTO "RELATION_PORT_MODEL"("ID_EQUIPMENT_MODEL", "ID_PORT_EQUIPMENT_MODEL", "STATUS", "DESCRIPTION_LABEL") VALUES ('32', '55', 'Activo', 'fRAME%0%0%/#SLOT%0%7%/#SUBSLOT%0%1%/');
INSERT INTO "RELATION_PORT_MODEL"("ID_EQUIPMENT_MODEL", "ID_PORT_EQUIPMENT_MODEL", "STATUS", "DESCRIPTION_LABEL") VALUES ('35', '65', 'Activo', 'fRAME%0%0%/');
INSERT INTO "RELATION_PORT_MODEL"("ID_EQUIPMENT_MODEL", "ID_PORT_EQUIPMENT_MODEL", "STATUS", "DESCRIPTION_LABEL") VALUES ('35', '66', 'Activo', 'fRAME%0%0%/');
INSERT INTO "RELATION_PORT_MODEL"("ID_EQUIPMENT_MODEL", "ID_PORT_EQUIPMENT_MODEL", "STATUS", "DESCRIPTION_LABEL") VALUES ('10', '7', 'Activo', 'frame%0%0%/');
INSERT INTO "RELATION_PORT_MODEL"("ID_EQUIPMENT_MODEL", "ID_PORT_EQUIPMENT_MODEL", "STATUS", "DESCRIPTION_LABEL") VALUES ('10', '8', 'Activo', 'frame%0%0%/');
INSERT INTO "RELATION_PORT_MODEL"("ID_EQUIPMENT_MODEL", "ID_PORT_EQUIPMENT_MODEL", "STATUS", "DESCRIPTION_LABEL") VALUES ('10', '9', 'Activo', 'frame%0%0%/');
INSERT INTO "RELATION_PORT_MODEL"("ID_EQUIPMENT_MODEL", "ID_PORT_EQUIPMENT_MODEL", "STATUS", "DESCRIPTION_LABEL") VALUES ('11', '11', 'Activo', 'frame%0%0%/');
INSERT INTO "RELATION_PORT_MODEL"("ID_EQUIPMENT_MODEL", "ID_PORT_EQUIPMENT_MODEL", "STATUS", "DESCRIPTION_LABEL") VALUES ('11', '10', 'Activo', 'frame%0%0%/');
INSERT INTO "RELATION_PORT_MODEL"("ID_EQUIPMENT_MODEL", "ID_PORT_EQUIPMENT_MODEL", "STATUS", "DESCRIPTION_LABEL") VALUES ('12', '11', 'Activo', 'frame%0%0%/');
INSERT INTO "RELATION_PORT_MODEL"("ID_EQUIPMENT_MODEL", "ID_PORT_EQUIPMENT_MODEL", "STATUS", "DESCRIPTION_LABEL") VALUES ('12', '10', 'Activo', 'frame%0%0%/');
INSERT INTO "RELATION_PORT_MODEL"("ID_EQUIPMENT_MODEL", "ID_PORT_EQUIPMENT_MODEL", "STATUS", "DESCRIPTION_LABEL") VALUES ('13', '11', 'Activo', 'frame%0%0%/');
INSERT INTO "RELATION_PORT_MODEL"("ID_EQUIPMENT_MODEL", "ID_PORT_EQUIPMENT_MODEL", "STATUS", "DESCRIPTION_LABEL") VALUES ('14', '12', 'Activo', 'frame%0%0%/');
INSERT INTO "RELATION_PORT_MODEL"("ID_EQUIPMENT_MODEL", "ID_PORT_EQUIPMENT_MODEL", "STATUS", "DESCRIPTION_LABEL") VALUES ('14', '13', 'Activo', 'frame%0%0%/');
INSERT INTO "RELATION_PORT_MODEL"("ID_EQUIPMENT_MODEL", "ID_PORT_EQUIPMENT_MODEL", "STATUS", "DESCRIPTION_LABEL") VALUES ('15', '14', 'Activo', 'frame%0%0%/');
INSERT INTO "RELATION_PORT_MODEL"("ID_EQUIPMENT_MODEL", "ID_PORT_EQUIPMENT_MODEL", "STATUS", "DESCRIPTION_LABEL") VALUES ('15', '15', 'Activo', 'frame%0%0%/');
INSERT INTO "RELATION_PORT_MODEL"("ID_EQUIPMENT_MODEL", "ID_PORT_EQUIPMENT_MODEL", "STATUS", "DESCRIPTION_LABEL") VALUES ('16', '16', 'Activo', 'frame%0%0%/#SLOT%0%0%/');
INSERT INTO "RELATION_PORT_MODEL"("ID_EQUIPMENT_MODEL", "ID_PORT_EQUIPMENT_MODEL", "STATUS", "DESCRIPTION_LABEL") VALUES ('16', '17', 'Activo', 'frame%0%0%/#SLOT%0%0%/');
INSERT INTO "RELATION_PORT_MODEL"("ID_EQUIPMENT_MODEL", "ID_PORT_EQUIPMENT_MODEL", "STATUS", "DESCRIPTION_LABEL") VALUES ('16', '18', 'Activo', 'frame%0%0%/#SLOT%0%0%/');
INSERT INTO "RELATION_PORT_MODEL"("ID_EQUIPMENT_MODEL", "ID_PORT_EQUIPMENT_MODEL", "STATUS", "DESCRIPTION_LABEL") VALUES ('17', '19', 'Activo', 'frame%0%0%/#SLOT%0%0%/');
INSERT INTO "RELATION_PORT_MODEL"("ID_EQUIPMENT_MODEL", "ID_PORT_EQUIPMENT_MODEL", "STATUS", "DESCRIPTION_LABEL") VALUES ('18', '20', 'Activo', 'frame%0%0%/#SLOT%0%0%/');
INSERT INTO "RELATION_PORT_MODEL"("ID_EQUIPMENT_MODEL", "ID_PORT_EQUIPMENT_MODEL", "STATUS", "DESCRIPTION_LABEL") VALUES ('19', '20', 'Activo', 'frame%0%0%/#SLOT%0%0%/');
INSERT INTO "RELATION_PORT_MODEL"("ID_EQUIPMENT_MODEL", "ID_PORT_EQUIPMENT_MODEL", "STATUS", "DESCRIPTION_LABEL") VALUES ('20', '16', 'Activo', 'frame%0%0%/#SLOT%0%0%/');
INSERT INTO "RELATION_PORT_MODEL"("ID_EQUIPMENT_MODEL", "ID_PORT_EQUIPMENT_MODEL", "STATUS", "DESCRIPTION_LABEL") VALUES ('20', '17', 'Activo', 'frame%0%0%/#SLOT%0%0%/');
INSERT INTO "RELATION_PORT_MODEL"("ID_EQUIPMENT_MODEL", "ID_PORT_EQUIPMENT_MODEL", "STATUS", "DESCRIPTION_LABEL") VALUES ('12', '24', 'Activo', 'fRAME%0%0%/#SLOT%0%3%/');
INSERT INTO "RELATION_PORT_MODEL"("ID_EQUIPMENT_MODEL", "ID_PORT_EQUIPMENT_MODEL", "STATUS", "DESCRIPTION_LABEL") VALUES ('12', '22', 'Activo', 'fRAME%0%0%/#SLOT%0%3%/');
INSERT INTO "RELATION_PORT_MODEL"("ID_EQUIPMENT_MODEL", "ID_PORT_EQUIPMENT_MODEL", "STATUS", "DESCRIPTION_LABEL") VALUES ('12', '36', 'Activo', 'fRAME%0%0%/#SLOT%0%3%/');
INSERT INTO "RELATION_PORT_MODEL"("ID_EQUIPMENT_MODEL", "ID_PORT_EQUIPMENT_MODEL", "STATUS", "DESCRIPTION_LABEL") VALUES ('13', '21', 'Activo', 'fRAME%0%0%/#SLOT%0%3%/');
INSERT INTO "RELATION_PORT_MODEL"("ID_EQUIPMENT_MODEL", "ID_PORT_EQUIPMENT_MODEL", "STATUS", "DESCRIPTION_LABEL") VALUES ('13', '23', 'Activo', 'fRAME%0%0%/#SLOT%0%3%/');
INSERT INTO "RELATION_PORT_MODEL"("ID_EQUIPMENT_MODEL", "ID_PORT_EQUIPMENT_MODEL", "STATUS", "DESCRIPTION_LABEL") VALUES ('13', '22', 'Activo', 'fRAME%0%0%/#SLOT%0%3%/');
INSERT INTO "RELATION_PORT_MODEL"("ID_EQUIPMENT_MODEL", "ID_PORT_EQUIPMENT_MODEL", "STATUS", "DESCRIPTION_LABEL") VALUES ('13', '36', 'Activo', 'fRAME%0%0%/#SLOT%0%3%/');
INSERT INTO "RELATION_PORT_MODEL"("ID_EQUIPMENT_MODEL", "ID_PORT_EQUIPMENT_MODEL", "STATUS", "DESCRIPTION_LABEL") VALUES ('11', '21', 'Activo', 'fRAME%0%0%/#SLOT%0%3%/');
INSERT INTO "RELATION_PORT_MODEL"("ID_EQUIPMENT_MODEL", "ID_PORT_EQUIPMENT_MODEL", "STATUS", "DESCRIPTION_LABEL") VALUES ('11', '23', 'Activo', 'fRAME%0%0%/#SLOT%0%3%/');
INSERT INTO "RELATION_PORT_MODEL"("ID_EQUIPMENT_MODEL", "ID_PORT_EQUIPMENT_MODEL", "STATUS", "DESCRIPTION_LABEL") VALUES ('7', '22', 'Activo', 'fRAME%0%0%/#SLOT%0%3%/');
INSERT INTO "RELATION_PORT_MODEL"("ID_EQUIPMENT_MODEL", "ID_PORT_EQUIPMENT_MODEL", "STATUS", "DESCRIPTION_LABEL") VALUES ('7', '36', 'Activo', 'fRAME%0%0%/#SLOT%0%3%/');
INSERT INTO "RELATION_PORT_MODEL"("ID_EQUIPMENT_MODEL", "ID_PORT_EQUIPMENT_MODEL", "STATUS", "DESCRIPTION_LABEL") VALUES ('6', '21', 'Activo', 'fRAME%0%0%/#SLOT%0%1%/');
INSERT INTO "RELATION_PORT_MODEL"("ID_EQUIPMENT_MODEL", "ID_PORT_EQUIPMENT_MODEL", "STATUS", "DESCRIPTION_LABEL") VALUES ('6', '23', 'Activo', 'fRAME%0%0%/#SLOT%0%1%/');
INSERT INTO "RELATION_PORT_MODEL"("ID_EQUIPMENT_MODEL", "ID_PORT_EQUIPMENT_MODEL", "STATUS", "DESCRIPTION_LABEL") VALUES ('6', '24', 'Activo', 'fRAME%0%0%/#SLOT%0%1%/');
INSERT INTO "RELATION_PORT_MODEL"("ID_EQUIPMENT_MODEL", "ID_PORT_EQUIPMENT_MODEL", "STATUS", "DESCRIPTION_LABEL") VALUES ('6', '22', 'Activo', 'fRAME%0%0%/#SLOT%0%1%/');
INSERT INTO "RELATION_PORT_MODEL"("ID_EQUIPMENT_MODEL", "ID_PORT_EQUIPMENT_MODEL", "STATUS", "DESCRIPTION_LABEL") VALUES ('6', '36', 'Activo', 'fRAME%0%0%/#SLOT%0%1%/');
INSERT INTO "RELATION_PORT_MODEL"("ID_EQUIPMENT_MODEL", "ID_PORT_EQUIPMENT_MODEL", "STATUS", "DESCRIPTION_LABEL") VALUES ('5', '21', 'Activo', 'fRAME%0%0%/#SLOT%0%1%/');
INSERT INTO "RELATION_PORT_MODEL"("ID_EQUIPMENT_MODEL", "ID_PORT_EQUIPMENT_MODEL", "STATUS", "DESCRIPTION_LABEL") VALUES ('5', '23', 'Activo', 'fRAME%0%0%/#SLOT%0%1%/');
INSERT INTO "RELATION_PORT_MODEL"("ID_EQUIPMENT_MODEL", "ID_PORT_EQUIPMENT_MODEL", "STATUS", "DESCRIPTION_LABEL") VALUES ('5', '24', 'Activo', 'fRAME%0%0%/#SLOT%0%1%/');
INSERT INTO "RELATION_PORT_MODEL"("ID_EQUIPMENT_MODEL", "ID_PORT_EQUIPMENT_MODEL", "STATUS", "DESCRIPTION_LABEL") VALUES ('5', '22', 'Activo', 'fRAME%0%0%/#SLOT%0%1%/');
INSERT INTO "RELATION_PORT_MODEL"("ID_EQUIPMENT_MODEL", "ID_PORT_EQUIPMENT_MODEL", "STATUS", "DESCRIPTION_LABEL") VALUES ('5', '36', 'Activo', 'fRAME%0%0%/#SLOT%0%1%/');
INSERT INTO "RELATION_PORT_MODEL"("ID_EQUIPMENT_MODEL", "ID_PORT_EQUIPMENT_MODEL", "STATUS", "DESCRIPTION_LABEL") VALUES ('3', '21', 'Activo', 'fRAME%0%0%/#SLOT%0%1%/');
INSERT INTO "RELATION_PORT_MODEL"("ID_EQUIPMENT_MODEL", "ID_PORT_EQUIPMENT_MODEL", "STATUS", "DESCRIPTION_LABEL") VALUES ('3', '23', 'Activo', 'fRAME%0%0%/#SLOT%0%1%/');
INSERT INTO "RELATION_PORT_MODEL"("ID_EQUIPMENT_MODEL", "ID_PORT_EQUIPMENT_MODEL", "STATUS", "DESCRIPTION_LABEL") VALUES ('3', '24', 'Activo', 'fRAME%0%0%/#SLOT%0%1%/');
INSERT INTO "RELATION_PORT_MODEL"("ID_EQUIPMENT_MODEL", "ID_PORT_EQUIPMENT_MODEL", "STATUS", "DESCRIPTION_LABEL") VALUES ('3', '22', 'Activo', 'fRAME%0%0%/#SLOT%0%1%/');
INSERT INTO "RELATION_PORT_MODEL"("ID_EQUIPMENT_MODEL", "ID_PORT_EQUIPMENT_MODEL", "STATUS", "DESCRIPTION_LABEL") VALUES ('3', '36', 'Activo', 'fRAME%0%0%/#SLOT%0%1%/');
INSERT INTO "RELATION_PORT_MODEL"("ID_EQUIPMENT_MODEL", "ID_PORT_EQUIPMENT_MODEL", "STATUS", "DESCRIPTION_LABEL") VALUES ('2', '21', 'Activo', 'fRAME%0%0%/#SLOT%0%1%/');
INSERT INTO "RELATION_PORT_MODEL"("ID_EQUIPMENT_MODEL", "ID_PORT_EQUIPMENT_MODEL", "STATUS", "DESCRIPTION_LABEL") VALUES ('2', '23', 'Activo', 'fRAME%0%0%/#SLOT%0%1%/');
INSERT INTO "RELATION_PORT_MODEL"("ID_EQUIPMENT_MODEL", "ID_PORT_EQUIPMENT_MODEL", "STATUS", "DESCRIPTION_LABEL") VALUES ('2', '24', 'Activo', 'fRAME%0%0%/#SLOT%0%1%/');
INSERT INTO "RELATION_PORT_MODEL"("ID_EQUIPMENT_MODEL", "ID_PORT_EQUIPMENT_MODEL", "STATUS", "DESCRIPTION_LABEL") VALUES ('2', '22', 'Activo', 'fRAME%0%0%/#SLOT%0%1%/');
INSERT INTO "RELATION_PORT_MODEL"("ID_EQUIPMENT_MODEL", "ID_PORT_EQUIPMENT_MODEL", "STATUS", "DESCRIPTION_LABEL") VALUES ('2', '36', 'Activo', 'fRAME%0%0%/#SLOT%0%1%/');
INSERT INTO "RELATION_PORT_MODEL"("ID_EQUIPMENT_MODEL", "ID_PORT_EQUIPMENT_MODEL", "STATUS", "DESCRIPTION_LABEL") VALUES ('21', '26', 'Activo', 'fRAME%0%0%/#SLOT%0%0%/');
INSERT INTO "RELATION_PORT_MODEL"("ID_EQUIPMENT_MODEL", "ID_PORT_EQUIPMENT_MODEL", "STATUS", "DESCRIPTION_LABEL") VALUES ('23', '29', 'Activo', 'fRAME%0%0%/#SLOT%0%0%/');
INSERT INTO "RELATION_PORT_MODEL"("ID_EQUIPMENT_MODEL", "ID_PORT_EQUIPMENT_MODEL", "STATUS", "DESCRIPTION_LABEL") VALUES ('26', '35', 'Activo', 'fRAME%0%0%/');
INSERT INTO "RELATION_PORT_MODEL"("ID_EQUIPMENT_MODEL", "ID_PORT_EQUIPMENT_MODEL", "STATUS", "DESCRIPTION_LABEL") VALUES ('26', '37', 'Activo', 'fRAME%0%0%/');
INSERT INTO "RELATION_PORT_MODEL"("ID_EQUIPMENT_MODEL", "ID_PORT_EQUIPMENT_MODEL", "STATUS", "DESCRIPTION_LABEL") VALUES ('29', '43', 'Activo', 'SLOT%1%9%/');
INSERT INTO "RELATION_PORT_MODEL"("ID_EQUIPMENT_MODEL", "ID_PORT_EQUIPMENT_MODEL", "STATUS", "DESCRIPTION_LABEL") VALUES ('29', '44', 'Activo', 'SLOT%1%9%/');
INSERT INTO "RELATION_PORT_MODEL"("ID_EQUIPMENT_MODEL", "ID_PORT_EQUIPMENT_MODEL", "STATUS", "DESCRIPTION_LABEL") VALUES ('30', '48', 'Activo', 'fRAME%0%0%/#SLOT%0%3%/');
INSERT INTO "RELATION_PORT_MODEL"("ID_EQUIPMENT_MODEL", "ID_PORT_EQUIPMENT_MODEL", "STATUS", "DESCRIPTION_LABEL") VALUES ('30', '49', 'Activo', 'fRAME%0%0%/#SLOT%0%3%/');
INSERT INTO "RELATION_PORT_MODEL"("ID_EQUIPMENT_MODEL", "ID_PORT_EQUIPMENT_MODEL", "STATUS", "DESCRIPTION_LABEL") VALUES ('31', '48', 'Activo', 'fRAME%0%0%/#SLOT%0%5%/');
INSERT INTO "RELATION_PORT_MODEL"("ID_EQUIPMENT_MODEL", "ID_PORT_EQUIPMENT_MODEL", "STATUS", "DESCRIPTION_LABEL") VALUES ('31', '49', 'Activo', 'fRAME%0%0%/#SLOT%0%5%/');
INSERT INTO "RELATION_PORT_MODEL"("ID_EQUIPMENT_MODEL", "ID_PORT_EQUIPMENT_MODEL", "STATUS", "DESCRIPTION_LABEL") VALUES ('36', '67', 'Activo', 'fRAME%0%0%/');
INSERT INTO "RELATION_PORT_MODEL"("ID_EQUIPMENT_MODEL", "ID_PORT_EQUIPMENT_MODEL", "STATUS", "DESCRIPTION_LABEL") VALUES ('37', '67', 'Activo', 'fRAME%0%0%/');
INSERT INTO "RELATION_PORT_MODEL"("ID_EQUIPMENT_MODEL", "ID_PORT_EQUIPMENT_MODEL", "STATUS", "DESCRIPTION_LABEL") VALUES ('38', '67', 'Activo', 'fRAME%0%0%/');
INSERT INTO "RELATION_PORT_MODEL"("ID_EQUIPMENT_MODEL", "ID_PORT_EQUIPMENT_MODEL", "STATUS", "DESCRIPTION_LABEL") VALUES ('39', '67', 'Activo', 'fRAME%0%0%/');
INSERT INTO "RELATION_PORT_MODEL"("ID_EQUIPMENT_MODEL", "ID_PORT_EQUIPMENT_MODEL", "STATUS", "DESCRIPTION_LABEL") VALUES ('40', '67', 'Activo', 'fRAME%0%0%/');
INSERT INTO "RELATION_PORT_MODEL"("ID_EQUIPMENT_MODEL", "ID_PORT_EQUIPMENT_MODEL", "STATUS", "DESCRIPTION_LABEL") VALUES ('42', '67', 'Activo', 'fRAME%0%0%/');
INSERT INTO "RELATION_PORT_MODEL"("ID_EQUIPMENT_MODEL", "ID_PORT_EQUIPMENT_MODEL", "STATUS", "DESCRIPTION_LABEL") VALUES ('43', '67', 'Activo', 'fRAME%0%0%/');
INSERT INTO "RELATION_PORT_MODEL"("ID_EQUIPMENT_MODEL", "ID_PORT_EQUIPMENT_MODEL", "STATUS", "DESCRIPTION_LABEL") VALUES ('44', '68', 'Activo', 'fRAME%0%0%/#SLOT%0%0%/');
INSERT INTO "RELATION_PORT_MODEL"("ID_EQUIPMENT_MODEL", "ID_PORT_EQUIPMENT_MODEL", "STATUS", "DESCRIPTION_LABEL") VALUES ('44', '69', 'Activo', 'fRAME%0%0%/#SLOT%0%0%/');
INSERT INTO "RELATION_PORT_MODEL"("ID_EQUIPMENT_MODEL", "ID_PORT_EQUIPMENT_MODEL", "STATUS", "DESCRIPTION_LABEL") VALUES ('44', '70', 'Activo', 'fRAME%0%0%/#SLOT%0%0%/');
INSERT INTO "RELATION_PORT_MODEL"("ID_EQUIPMENT_MODEL", "ID_PORT_EQUIPMENT_MODEL", "STATUS", "DESCRIPTION_LABEL") VALUES ('45', '68', 'Activo', 'fRAME%0%0%/#SLOT%0%0%/');
INSERT INTO "RELATION_PORT_MODEL"("ID_EQUIPMENT_MODEL", "ID_PORT_EQUIPMENT_MODEL", "STATUS", "DESCRIPTION_LABEL") VALUES ('45', '73', 'Activo', 'fRAME%0%0%/#SLOT%0%0%/');
INSERT INTO "RELATION_PORT_MODEL"("ID_EQUIPMENT_MODEL", "ID_PORT_EQUIPMENT_MODEL", "STATUS", "DESCRIPTION_LABEL") VALUES ('46', '71', 'Activo', 'fRAME%0%0%/#SLOT%0%0%/');
INSERT INTO "RELATION_PORT_MODEL"("ID_EQUIPMENT_MODEL", "ID_PORT_EQUIPMENT_MODEL", "STATUS", "DESCRIPTION_LABEL") VALUES ('46', '72', 'Activo', 'fRAME%0%0%/#SLOT%0%0%/');
INSERT INTO "RELATION_PORT_MODEL"("ID_EQUIPMENT_MODEL", "ID_PORT_EQUIPMENT_MODEL", "STATUS", "DESCRIPTION_LABEL") VALUES ('46', '73', 'Activo', 'fRAME%0%0%/#SLOT%0%0%/');
INSERT INTO "RELATION_PORT_MODEL"("ID_EQUIPMENT_MODEL", "ID_PORT_EQUIPMENT_MODEL", "STATUS", "DESCRIPTION_LABEL") VALUES ('47', '67', 'Activo', 'fRAME%0%0%/');

INSERT INTO "BRANCH"("NAME", "DESCRIPTION", "RANK", "TYPE_IP", "IP_RANK", "PREFIXES_RANK", "ID_BRANCH") VALUES ('CLARO', 'BASE', 'No', NULL, NULL, NULL, '0');
INSERT INTO "BRANCH"("NAME", "DESCRIPTION", "RANK", "TYPE_IP", "IP_RANK", "PREFIXES_RANK", "ID_BRANCH") VALUES ('ING. CLIENTE', 'BASE', 'No', NULL, NULL, NULL, '1');
INSERT INTO "BRANCH"("NAME", "DESCRIPTION", "RANK", "TYPE_IP", "IP_RANK", "PREFIXES_RANK", "ID_BRANCH") VALUES ('GESTIN BACKBONE', 'BASE', 'No', NULL, NULL, NULL, '2');
INSERT INTO "BRANCH"("NAME", "DESCRIPTION", "RANK", "TYPE_IP", "IP_RANK", "PREFIXES_RANK", "ID_BRANCH") VALUES ('GESTIN METROETHERNET', 'BASE', 'No', NULL, NULL, NULL, '2');
INSERT INTO "BRANCH"("NAME", "DESCRIPTION", "RANK", "TYPE_IP", "IP_RANK", "PREFIXES_RANK", "ID_BRANCH") VALUES ('INTERNET', 'BASE', 'No', NULL, NULL, NULL, '2');
INSERT INTO "BRANCH"("NAME", "DESCRIPTION", "RANK", "TYPE_IP", "IP_RANK", "PREFIXES_RANK", "ID_BRANCH") VALUES ('AGG-PE', 'AGG-PE', 'No', NULL, NULL, NULL, '3');
INSERT INTO "BRANCH"("NAME", "DESCRIPTION", "RANK", "TYPE_IP", "IP_RANK", "PREFIXES_RANK", "ID_BRANCH") VALUES ('PUBLICA', 'BASE', 'No', NULL, NULL, NULL, '5');
INSERT INTO "BRANCH"("NAME", "DESCRIPTION", "RANK", "TYPE_IP", "IP_RANK", "PREFIXES_RANK", "ID_BRANCH") VALUES ('PRIVADA', 'BASE', 'No', NULL, NULL, NULL, '5');
INSERT INTO "BRANCH"("NAME", "DESCRIPTION", "RANK", "TYPE_IP", "IP_RANK", "PREFIXES_RANK", "ID_BRANCH") VALUES ('10.2.196.0 /24', 'RANGO GESTIN LOOPBACK DE AGGS Y PES', 'Si', 'IPV. 4', '10.2.196.0', '24', '6');
INSERT INTO "BRANCH"("NAME", "DESCRIPTION", "RANK", "TYPE_IP", "IP_RANK", "PREFIXES_RANK", "ID_BRANCH") VALUES ('200.80.173.0 /24', 'RANGO GESTIN AGGS - PES', 'Si', 'IPV. 4', '200.80.173.0', '24', '6');
INSERT INTO "BRANCH"("NAME", "DESCRIPTION", "RANK", "TYPE_IP", "IP_RANK", "PREFIXES_RANK", "ID_BRANCH") VALUES ('200.80.165.0 /24', 'RANGO GESTIN DE AGGS - PES', 'Si', 'IPV. 4', '200.80.165.0', '24', '6');
INSERT INTO "BRANCH"("NAME", "DESCRIPTION", "RANK", "TYPE_IP", "IP_RANK", "PREFIXES_RANK", "ID_BRANCH") VALUES ('AMBA - BUENOS AIRES', 'GESTIN METROETHERNET AMBA BUENOS AIRES', 'No', NULL, NULL, NULL, '4');
INSERT INTO "BRANCH"("NAME", "DESCRIPTION", "RANK", "TYPE_IP", "IP_RANK", "PREFIXES_RANK", "ID_BRANCH") VALUES ('CATAMARCA', 'GESTION METROETHERNET CATAMARCA', 'No', NULL, NULL, NULL, '4');
INSERT INTO "BRANCH"("NAME", "DESCRIPTION", "RANK", "TYPE_IP", "IP_RANK", "PREFIXES_RANK", "ID_BRANCH") VALUES ('CHACO', 'GESTIN METROETHERNET CHACO', 'No', NULL, NULL, NULL, '4');
INSERT INTO "BRANCH"("NAME", "DESCRIPTION", "RANK", "TYPE_IP", "IP_RANK", "PREFIXES_RANK", "ID_BRANCH") VALUES ('CHUBUT', 'GESTIN METROETHERNET CHUBUT', 'No', NULL, NULL, NULL, '4');
INSERT INTO "BRANCH"("NAME", "DESCRIPTION", "RANK", "TYPE_IP", "IP_RANK", "PREFIXES_RANK", "ID_BRANCH") VALUES ('CORDOBA', 'GESTIN METROETHERNET CORDOBA', 'No', NULL, NULL, NULL, '4');
INSERT INTO "BRANCH"("NAME", "DESCRIPTION", "RANK", "TYPE_IP", "IP_RANK", "PREFIXES_RANK", "ID_BRANCH") VALUES ('CORRIENTES', 'GESTION METROETHERNET CORRIENTES', 'No', NULL, NULL, NULL, '4');
INSERT INTO "BRANCH"("NAME", "DESCRIPTION", "RANK", "TYPE_IP", "IP_RANK", "PREFIXES_RANK", "ID_BRANCH") VALUES ('ENTRE RIOS', 'GESTION METROETHERNET ENTRE RIOS', 'No', NULL, NULL, NULL, '4');
INSERT INTO "BRANCH"("NAME", "DESCRIPTION", "RANK", "TYPE_IP", "IP_RANK", "PREFIXES_RANK", "ID_BRANCH") VALUES ('FORMOSA', 'GESTION METROETHERNET FORMOSA', 'No', NULL, NULL, NULL, '4');
INSERT INTO "BRANCH"("NAME", "DESCRIPTION", "RANK", "TYPE_IP", "IP_RANK", "PREFIXES_RANK", "ID_BRANCH") VALUES ('JUJUY', 'GESTION METROETHERNET JUJUY', 'No', NULL, NULL, NULL, '4');
INSERT INTO "BRANCH"("NAME", "DESCRIPTION", "RANK", "TYPE_IP", "IP_RANK", "PREFIXES_RANK", "ID_BRANCH") VALUES ('LA PAMPA', 'GESTION METROETHERNET LA PAMPA', 'No', NULL, NULL, NULL, '4');
INSERT INTO "BRANCH"("NAME", "DESCRIPTION", "RANK", "TYPE_IP", "IP_RANK", "PREFIXES_RANK", "ID_BRANCH") VALUES ('LA RIOJA', 'GESTION METROETHERNET LA RIOJA', 'No', NULL, NULL, NULL, '4');
INSERT INTO "BRANCH"("NAME", "DESCRIPTION", "RANK", "TYPE_IP", "IP_RANK", "PREFIXES_RANK", "ID_BRANCH") VALUES ('MENDOZA', 'GESTION METROETHERNET MENDOZA', 'No', NULL, NULL, NULL, '4');
INSERT INTO "BRANCH"("NAME", "DESCRIPTION", "RANK", "TYPE_IP", "IP_RANK", "PREFIXES_RANK", "ID_BRANCH") VALUES ('MISIONES', 'GESTION METROETHERNET', 'No', NULL, NULL, NULL, '4');
INSERT INTO "BRANCH"("NAME", "DESCRIPTION", "RANK", "TYPE_IP", "IP_RANK", "PREFIXES_RANK", "ID_BRANCH") VALUES ('NEUQUEN', 'GESTION METROETHERNET NEUQUEN', 'No', NULL, NULL, NULL, '4');
INSERT INTO "BRANCH"("NAME", "DESCRIPTION", "RANK", "TYPE_IP", "IP_RANK", "PREFIXES_RANK", "ID_BRANCH") VALUES ('RIO NEGRO', 'GESTION METROETHERNET RIO NEGRO', 'No', NULL, NULL, NULL, '4');
INSERT INTO "BRANCH"("NAME", "DESCRIPTION", "RANK", "TYPE_IP", "IP_RANK", "PREFIXES_RANK", "ID_BRANCH") VALUES ('SANTA FE', 'GESTION METROETHERNET SANTA FE', 'No', NULL, NULL, NULL, '4');
INSERT INTO "BRANCH"("NAME", "DESCRIPTION", "RANK", "TYPE_IP", "IP_RANK", "PREFIXES_RANK", "ID_BRANCH") VALUES ('SALTA', 'GESTION METROETHERNET SALTA', 'No', NULL, NULL, NULL, '4');
INSERT INTO "BRANCH"("NAME", "DESCRIPTION", "RANK", "TYPE_IP", "IP_RANK", "PREFIXES_RANK", "ID_BRANCH") VALUES ('SAN JUAN', 'GESTION METROETHERNET SAN JUAN', 'No', NULL, NULL, NULL, '4');
INSERT INTO "BRANCH"("NAME", "DESCRIPTION", "RANK", "TYPE_IP", "IP_RANK", "PREFIXES_RANK", "ID_BRANCH") VALUES ('TC2470-AGG-03', 'GESTIN METROETHERNET ANILLOS OLLEROS', 'No', NULL, NULL, NULL, '12');
INSERT INTO "BRANCH"("NAME", "DESCRIPTION", "RANK", "TYPE_IP", "IP_RANK", "PREFIXES_RANK", "ID_BRANCH") VALUES ('TC2470-AGG-04', 'GESTION METROETHERNET ANILLOS OLLEROS', 'No', NULL, NULL, NULL, '12');
INSERT INTO "BRANCH"("NAME", "DESCRIPTION", "RANK", "TYPE_IP", "IP_RANK", "PREFIXES_RANK", "ID_BRANCH") VALUES ('RANGO #01', 'GESTION METROETHERNET', 'Si', 'IPV. 4', '10.211.20.0', '24', '30');
INSERT INTO "BRANCH"("NAME", "DESCRIPTION", "RANK", "TYPE_IP", "IP_RANK", "PREFIXES_RANK", "ID_BRANCH") VALUES ('RANGO #02', 'GESTION METROETHERNET', 'Si', 'IPV. 4', '10.211.44.0', '24', '30');
INSERT INTO "BRANCH"("NAME", "DESCRIPTION", "RANK", "TYPE_IP", "IP_RANK", "PREFIXES_RANK", "ID_BRANCH") VALUES ('RANGO #03', 'GESTION METRO', 'Si', 'IPV. 4', '10.211.70.0', '24', '30');
INSERT INTO "BRANCH"("NAME", "DESCRIPTION", "RANK", "TYPE_IP", "IP_RANK", "PREFIXES_RANK", "ID_BRANCH") VALUES ('SAN LUIS', 'GESTION METROETHERNET SAN LUIS', 'No', NULL, NULL, NULL, '4');
INSERT INTO "BRANCH"("NAME", "DESCRIPTION", "RANK", "TYPE_IP", "IP_RANK", "PREFIXES_RANK", "ID_BRANCH") VALUES ('RANGO #01', 'GESTION METRO', 'Si', 'IPV. 4', '10.211.55.0', '24', '31');
INSERT INTO "BRANCH"("NAME", "DESCRIPTION", "RANK", "TYPE_IP", "IP_RANK", "PREFIXES_RANK", "ID_BRANCH") VALUES ('SANTA CRUZ', 'GESTION METROETHERNET SANTA CRUZ', 'No', NULL, NULL, NULL, '4');
INSERT INTO "BRANCH"("NAME", "DESCRIPTION", "RANK", "TYPE_IP", "IP_RANK", "PREFIXES_RANK", "ID_BRANCH") VALUES ('SANTIAGO DEL ESTERO', 'GESTION METROETHERNET SANTIAGO DEL ESTERO', 'No', NULL, NULL, NULL, '4');
INSERT INTO "BRANCH"("NAME", "DESCRIPTION", "RANK", "TYPE_IP", "IP_RANK", "PREFIXES_RANK", "ID_BRANCH") VALUES ('TIERRA DEL FUEGO', 'GESTION METROETHERNET TIERRA DEL FUEGO', 'No', NULL, NULL, NULL, '4');
INSERT INTO "BRANCH"("NAME", "DESCRIPTION", "RANK", "TYPE_IP", "IP_RANK", "PREFIXES_RANK", "ID_BRANCH") VALUES ('TUCUMAN', 'GESTION METROETHERNET', 'No', NULL, NULL, NULL, '4');
INSERT INTO "BRANCH"("NAME", "DESCRIPTION", "RANK", "TYPE_IP", "IP_RANK", "PREFIXES_RANK", "ID_BRANCH") VALUES ('TCF296-AGG-01', 'GESTION METROETHERNET GARAY', 'No', NULL, NULL, NULL, '12');
INSERT INTO "BRANCH"("NAME", "DESCRIPTION", "RANK", "TYPE_IP", "IP_RANK", "PREFIXES_RANK", "ID_BRANCH") VALUES ('RANGO #01', 'GESTION METROETHERNET', 'Si', 'IPV. 4', '10.210.8.0', '24', '41');
INSERT INTO "BRANCH"("NAME", "DESCRIPTION", "RANK", "TYPE_IP", "IP_RANK", "PREFIXES_RANK", "ID_BRANCH") VALUES ('RANGO #02', 'GESTION METROETHERNET', 'Si', 'IPV. 4', '10.210.9.0', '24', '41');
INSERT INTO "BRANCH"("NAME", "DESCRIPTION", "RANK", "TYPE_IP", "IP_RANK", "PREFIXES_RANK", "ID_BRANCH") VALUES ('BA784-AGG-01', 'GESTION METROETHERNET AGG CHASCOMUS', 'No', NULL, NULL, NULL, '12');
INSERT INTO "BRANCH"("NAME", "DESCRIPTION", "RANK", "TYPE_IP", "IP_RANK", "PREFIXES_RANK", "ID_BRANCH") VALUES ('TC2454-AGG-01', 'GESTION METROETHERNET BOULOGNE', 'No', NULL, NULL, NULL, '12');
INSERT INTO "BRANCH"("NAME", "DESCRIPTION", "RANK", "TYPE_IP", "IP_RANK", "PREFIXES_RANK", "ID_BRANCH") VALUES ('RANGO #01', 'GESTION METROETHERNET BOULOGNE', 'Si', 'IPV. 4', '10.210.32.0', '24', '45');
INSERT INTO "BRANCH"("NAME", "DESCRIPTION", "RANK", "TYPE_IP", "IP_RANK", "PREFIXES_RANK", "ID_BRANCH") VALUES ('RANGO #02', 'GESTION METRO BOULOGNE', 'Si', 'IPV. 4', '10.210.33.0', '24', '45');
INSERT INTO "BRANCH"("NAME", "DESCRIPTION", "RANK", "TYPE_IP", "IP_RANK", "PREFIXES_RANK", "ID_BRANCH") VALUES ('CO008-AGG-01', 'GESTION METRO CO008', 'No', NULL, NULL, NULL, '16');
INSERT INTO "BRANCH"("NAME", "DESCRIPTION", "RANK", "TYPE_IP", "IP_RANK", "PREFIXES_RANK", "ID_BRANCH") VALUES ('RANGO #01', 'GESTION METROETHERNET', 'Si', 'IPV. 4', '10.210.59.0', '24', '48');
INSERT INTO "BRANCH"("NAME", "DESCRIPTION", "RANK", "TYPE_IP", "IP_RANK", "PREFIXES_RANK", "ID_BRANCH") VALUES ('RANGOS /24', 'PARA ASIGNAR RANGOS /24 COMPLETOS', 'No', NULL, NULL, NULL, '7');
INSERT INTO "BRANCH"("NAME", "DESCRIPTION", "RANK", "TYPE_IP", "IP_RANK", "PREFIXES_RANK", "ID_BRANCH") VALUES ('RANGO #01', 'RANGO PUBLICO', 'Si', 'IPV. 4', '190.220.11.0', '24', '50');
INSERT INTO "BRANCH"("NAME", "DESCRIPTION", "RANK", "TYPE_IP", "IP_RANK", "PREFIXES_RANK", "ID_BRANCH") VALUES ('RANGOS /26', 'PARA ASIGNAR RANGOS /26', 'No', NULL, NULL, NULL, '7');
INSERT INTO "BRANCH"("NAME", "DESCRIPTION", "RANK", "TYPE_IP", "IP_RANK", "PREFIXES_RANK", "ID_BRANCH") VALUES ('RANGOS /27', 'PARA ASIGNAR RANGOS /27', 'No', NULL, NULL, NULL, '7');
INSERT INTO "BRANCH"("NAME", "DESCRIPTION", "RANK", "TYPE_IP", "IP_RANK", "PREFIXES_RANK", "ID_BRANCH") VALUES ('RANGOS /28', 'PARA ASIGNAR RANGOS /28', 'No', NULL, NULL, NULL, '7');
INSERT INTO "BRANCH"("NAME", "DESCRIPTION", "RANK", "TYPE_IP", "IP_RANK", "PREFIXES_RANK", "ID_BRANCH") VALUES ('190.3.0.0/18', 'RANGOS PUBLICOS', 'No', NULL, NULL, NULL, '7');
INSERT INTO "BRANCH"("NAME", "DESCRIPTION", "RANK", "TYPE_IP", "IP_RANK", "PREFIXES_RANK", "ID_BRANCH") VALUES ('RANGO #01', 'RANGO IP PUBLICO', 'Si', 'IPV. 4', '190.3.0.0', '24', '55');
INSERT INTO "BRANCH"("NAME", "DESCRIPTION", "RANK", "TYPE_IP", "IP_RANK", "PREFIXES_RANK", "ID_BRANCH") VALUES ('RANGO #02', 'RANGO IP PUBLICO', 'Si', 'IPV. 4', '190.3.1.0', '24', '55');
INSERT INTO "BRANCH"("NAME", "DESCRIPTION", "RANK", "TYPE_IP", "IP_RANK", "PREFIXES_RANK", "ID_BRANCH") VALUES ('ACCESO METROETHERNET', 'RANGOS IP WAN ACCESO METRO', 'No', NULL, NULL, NULL, '8');
INSERT INTO "BRANCH"("NAME", "DESCRIPTION", "RANK", "TYPE_IP", "IP_RANK", "PREFIXES_RANK", "ID_BRANCH") VALUES ('ACCESO METROETHERNET DUALSTACK', 'IP WAN METRO DS', 'No', NULL, NULL, NULL, '8');
INSERT INTO "BRANCH"("NAME", "DESCRIPTION", "RANK", "TYPE_IP", "IP_RANK", "PREFIXES_RANK", "ID_BRANCH") VALUES ('TCF296-PEI-01', 'GARAY', 'No', NULL, NULL, NULL, '58');
INSERT INTO "BRANCH"("NAME", "DESCRIPTION", "RANK", "TYPE_IP", "IP_RANK", "PREFIXES_RANK", "ID_BRANCH") VALUES ('TC2470-PEI-01', 'OLLEROS', 'No', NULL, NULL, NULL, '58');
INSERT INTO "BRANCH"("NAME", "DESCRIPTION", "RANK", "TYPE_IP", "IP_RANK", "PREFIXES_RANK", "ID_BRANCH") VALUES ('SAL-PE-R03', 'SALTA', 'No', NULL, NULL, NULL, '58');
INSERT INTO "BRANCH"("NAME", "DESCRIPTION", "RANK", "TYPE_IP", "IP_RANK", "PREFIXES_RANK", "ID_BRANCH") VALUES ('TME298-PEI-01', 'MENDOZA', 'No', NULL, NULL, NULL, '58');
INSERT INTO "BRANCH"("NAME", "DESCRIPTION", "RANK", "TYPE_IP", "IP_RANK", "PREFIXES_RANK", "ID_BRANCH") VALUES ('TS1001-PEI-01', 'ROSARIO', 'No', NULL, NULL, NULL, '58');
INSERT INTO "BRANCH"("NAME", "DESCRIPTION", "RANK", "TYPE_IP", "IP_RANK", "PREFIXES_RANK", "ID_BRANCH") VALUES ('TCO895-PEI-01', 'CORDOBA', 'No', NULL, NULL, NULL, '58');
INSERT INTO "BRANCH"("NAME", "DESCRIPTION", "RANK", "TYPE_IP", "IP_RANK", "PREFIXES_RANK", "ID_BRANCH") VALUES ('RANGO #01', 'IP WAN INTERNET CORDOBA', 'Si', 'IPV. 4', '10.169.216.0', '24', '65');
INSERT INTO "BRANCH"("NAME", "DESCRIPTION", "RANK", "TYPE_IP", "IP_RANK", "PREFIXES_RANK", "ID_BRANCH") VALUES ('RANGO #02', 'IP WAN INTERNET CORDOBA', 'Si', 'IPV. 4', '10.169.217.0', '24', '65');
INSERT INTO "BRANCH"("NAME", "DESCRIPTION", "RANK", "TYPE_IP", "IP_RANK", "PREFIXES_RANK", "ID_BRANCH") VALUES ('RANGO #01', 'IP WAN INTERNET GARAY', 'Si', 'IPV. 4', '10.169.152.0', '24', '60');
INSERT INTO "BRANCH"("NAME", "DESCRIPTION", "RANK", "TYPE_IP", "IP_RANK", "PREFIXES_RANK", "ID_BRANCH") VALUES ('RANGO #02', 'IP WAN INTERNET GARAY', 'Si', 'IPV. 4', '10.169.153.0', '24', '60');
INSERT INTO "BRANCH"("NAME", "DESCRIPTION", "RANK", "TYPE_IP", "IP_RANK", "PREFIXES_RANK", "ID_BRANCH") VALUES ('RANGO #01', 'IP WAN INTERNET OLLEROS', 'Si', 'IPV. 4', '10.169.104.0', '24', '61');
INSERT INTO "BRANCH"("NAME", "DESCRIPTION", "RANK", "TYPE_IP", "IP_RANK", "PREFIXES_RANK", "ID_BRANCH") VALUES ('RANGO #02', 'IP WAN INTERNET OLLEROS', 'Si', 'IPV. 4', '10.169.105.0', '24', '61');
INSERT INTO "BRANCH"("NAME", "DESCRIPTION", "RANK", "TYPE_IP", "IP_RANK", "PREFIXES_RANK", "ID_BRANCH") VALUES ('RANGO #01', 'IP WAN INTERNET MENDOZA', 'Si', 'IPV. 4', '10.169.232.0', '24', '63');
INSERT INTO "BRANCH"("NAME", "DESCRIPTION", "RANK", "TYPE_IP", "IP_RANK", "PREFIXES_RANK", "ID_BRANCH") VALUES ('RANGO #02', 'IP WAN INTERNET MENDOZA', 'Si', 'IPV. 4', '10.169.233.0', '24', '63');
INSERT INTO "BRANCH"("NAME", "DESCRIPTION", "RANK", "TYPE_IP", "IP_RANK", "PREFIXES_RANK", "ID_BRANCH") VALUES ('RANGO #01', 'IP WAN INTERNET SALTA', 'Si', 'IPV. 4', '10.169.64.0', '24', '62');
INSERT INTO "BRANCH"("NAME", "DESCRIPTION", "RANK", "TYPE_IP", "IP_RANK", "PREFIXES_RANK", "ID_BRANCH") VALUES ('RANGO #02', 'IP WAN INTERNET SALTA', 'Si', 'IPV. 4', '10.169.119.0', '24', '62');
INSERT INTO "BRANCH"("NAME", "DESCRIPTION", "RANK", "TYPE_IP", "IP_RANK", "PREFIXES_RANK", "ID_BRANCH") VALUES ('RANGO #01', 'IP WAN INTER ROSARIO', 'Si', 'IPV. 4', '10.169.200.0', '24', '64');
INSERT INTO "BRANCH"("NAME", "DESCRIPTION", "RANK", "TYPE_IP", "IP_RANK", "PREFIXES_RANK", "ID_BRANCH") VALUES ('RANGO #02', 'IP WAN INTER ROSARIO', 'Si', 'IPV. 4', '10.169.201.0', '24', '64');
INSERT INTO "BRANCH"("NAME", "DESCRIPTION", "RANK", "TYPE_IP", "IP_RANK", "PREFIXES_RANK", "ID_BRANCH") VALUES ('TCO895-PEI-01', 'RANGOS IP WAN INTERNET DS CORDOBA', 'No', NULL, NULL, NULL, '59');
INSERT INTO "BRANCH"("NAME", "DESCRIPTION", "RANK", "TYPE_IP", "IP_RANK", "PREFIXES_RANK", "ID_BRANCH") VALUES ('TS1001-PEI-01', 'RANGOS IP WAN INTERNET DS ROSARIO', 'No', NULL, NULL, NULL, '59');
INSERT INTO "BRANCH"("NAME", "DESCRIPTION", "RANK", "TYPE_IP", "IP_RANK", "PREFIXES_RANK", "ID_BRANCH") VALUES ('TCF296-PEI-01', 'IP WAN INTERNET DS GARAY', 'No', NULL, NULL, NULL, '59');
INSERT INTO "BRANCH"("NAME", "DESCRIPTION", "RANK", "TYPE_IP", "IP_RANK", "PREFIXES_RANK", "ID_BRANCH") VALUES ('TC2470-PEI-01', 'IP WAN INTER DS OLLEROS', 'No', NULL, NULL, NULL, '59');
INSERT INTO "BRANCH"("NAME", "DESCRIPTION", "RANK", "TYPE_IP", "IP_RANK", "PREFIXES_RANK", "ID_BRANCH") VALUES ('TME298-PEI-01', 'IP WAN INTERNET DS MENDOZA', 'No', NULL, NULL, NULL, '59');
INSERT INTO "BRANCH"("NAME", "DESCRIPTION", "RANK", "TYPE_IP", "IP_RANK", "PREFIXES_RANK", "ID_BRANCH") VALUES ('SAL-PE-R03', 'IP WAN INTERNET DS SALTA', 'No', NULL, NULL, NULL, '59');
INSERT INTO "BRANCH"("NAME", "DESCRIPTION", "RANK", "TYPE_IP", "IP_RANK", "PREFIXES_RANK", "ID_BRANCH") VALUES ('RANGO #01', 'IP WAN CORDOBA', 'Si', 'IPV. 4', '10.169.25.0', '24', '78');
INSERT INTO "BRANCH"("NAME", "DESCRIPTION", "RANK", "TYPE_IP", "IP_RANK", "PREFIXES_RANK", "ID_BRANCH") VALUES ('RANGO #01', 'IP WAN ROSARIO', 'Si', 'IPV. 4', '10.169.144.0', '24', '79');
INSERT INTO "BRANCH"("NAME", "DESCRIPTION", "RANK", "TYPE_IP", "IP_RANK", "PREFIXES_RANK", "ID_BRANCH") VALUES ('RANGO #01', 'IP WAN MENDOZA', 'Si', 'IPV. 4', '10.169.27.0', '24', '82');
INSERT INTO "BRANCH"("NAME", "DESCRIPTION", "RANK", "TYPE_IP", "IP_RANK", "PREFIXES_RANK", "ID_BRANCH") VALUES ('RANGO #01', 'IP WAN GARAY', 'Si', 'IPV. 4', '10.169.147.0', '24', '80');
INSERT INTO "BRANCH"("NAME", "DESCRIPTION", "RANK", "TYPE_IP", "IP_RANK", "PREFIXES_RANK", "ID_BRANCH") VALUES ('RANGO #01', 'IP WAN OLLEROS', 'Si', 'IPV. 4', '10.169.26.0', '24', '81');
INSERT INTO "BRANCH"("NAME", "DESCRIPTION", "RANK", "TYPE_IP", "IP_RANK", "PREFIXES_RANK", "ID_BRANCH") VALUES ('RANGO #01', 'IP WAN SALTA', 'Si', 'IPV. 4', '10.169.146.0', '24', '83');
INSERT INTO "BRANCH"("NAME", "DESCRIPTION", "RANK", "TYPE_IP", "IP_RANK", "PREFIXES_RANK", "ID_BRANCH") VALUES ('RANGO #01', 'GESTION METRO CHASCOMUS', 'Si', 'IPV. 4', '10.211.71.0', '24', '44');
INSERT INTO "BRANCH"("NAME", "DESCRIPTION", "RANK", "TYPE_IP", "IP_RANK", "PREFIXES_RANK", "ID_BRANCH") VALUES ('B1076-AGG-01', 'GESTION METRO 9 DE JULIO', 'No', NULL, NULL, NULL, '12');
INSERT INTO "BRANCH"("NAME", "DESCRIPTION", "RANK", "TYPE_IP", "IP_RANK", "PREFIXES_RANK", "ID_BRANCH") VALUES ('RANGO #01', 'GESTION METRO 9 DE JULIO', 'Si', 'IPV. 4', '10.210.75.0', '24', '91');
INSERT INTO "BRANCH"("NAME", "DESCRIPTION", "RANK", "TYPE_IP", "IP_RANK", "PREFIXES_RANK", "ID_BRANCH") VALUES ('TS1001-AGG-04', 'GESTION METRO ROSARIO', 'No', NULL, NULL, NULL, '27');
INSERT INTO "BRANCH"("NAME", "DESCRIPTION", "RANK", "TYPE_IP", "IP_RANK", "PREFIXES_RANK", "ID_BRANCH") VALUES ('RANGO #01', 'GESTION METRO ROSARIO', 'Si', 'IPV. 4', '10.210.81.0', '24', '93');
INSERT INTO "BRANCH"("NAME", "DESCRIPTION", "RANK", "TYPE_IP", "IP_RANK", "PREFIXES_RANK", "ID_BRANCH") VALUES ('RANGO #02', 'GESTION METRO ROSARIO', 'Si', 'IPV. 4', '10.210.82.0', '24', '93');
INSERT INTO "BRANCH"("NAME", "DESCRIPTION", "RANK", "TYPE_IP", "IP_RANK", "PREFIXES_RANK", "ID_BRANCH") VALUES ('JON-PE-R03', 'GESTION METRO JONTE', 'No', NULL, NULL, NULL, '12');
INSERT INTO "BRANCH"("NAME", "DESCRIPTION", "RANK", "TYPE_IP", "IP_RANK", "PREFIXES_RANK", "ID_BRANCH") VALUES ('RANGO #01', 'GESTION METRO JONTE', 'Si', 'IPV. 4', '10.210.51.0', '24', '96');
INSERT INTO "BRANCH"("NAME", "DESCRIPTION", "RANK", "TYPE_IP", "IP_RANK", "PREFIXES_RANK", "ID_BRANCH") VALUES ('RANGO #02', 'GESTION METRO JONTE', 'Si', 'IPV. 4', '10.211.72.0', '24', '96');
INSERT INTO "BRANCH"("NAME", "DESCRIPTION", "RANK", "TYPE_IP", "IP_RANK", "PREFIXES_RANK", "ID_BRANCH") VALUES ('BA195-AGG-01', 'GESTION METRO BRAGADO', 'No', NULL, NULL, NULL, '12');
INSERT INTO "BRANCH"("NAME", "DESCRIPTION", "RANK", "TYPE_IP", "IP_RANK", "PREFIXES_RANK", "ID_BRANCH") VALUES ('RANGO #01', 'GESTION METRO BRAGADO', 'Si', 'IPV. 4', '10.211.22.0', '24', '99');
INSERT INTO "BRANCH"("NAME", "DESCRIPTION", "RANK", "TYPE_IP", "IP_RANK", "PREFIXES_RANK", "ID_BRANCH") VALUES ('C2165-AGG-01', 'GESTION METRO CAMPANA', 'No', NULL, NULL, NULL, '12');
INSERT INTO "BRANCH"("NAME", "DESCRIPTION", "RANK", "TYPE_IP", "IP_RANK", "PREFIXES_RANK", "ID_BRANCH") VALUES ('RANGO #01', 'GESTION METRO CAMPANA', 'Si', 'IPV. 4', '10.210.200.0', '24', '101');
INSERT INTO "BRANCH"("NAME", "DESCRIPTION", "RANK", "TYPE_IP", "IP_RANK", "PREFIXES_RANK", "ID_BRANCH") VALUES ('RANGO #02', 'GESTION METRO CAMPANA', 'Si', 'IPV. 4', '10.210.86.0', '24', '101');
INSERT INTO "BRANCH"("NAME", "DESCRIPTION", "RANK", "TYPE_IP", "IP_RANK", "PREFIXES_RANK", "ID_BRANCH") VALUES ('TC2764-AGG-01', 'GESTION METRO CASEROS', 'No', NULL, NULL, NULL, '12');
INSERT INTO "BRANCH"("NAME", "DESCRIPTION", "RANK", "TYPE_IP", "IP_RANK", "PREFIXES_RANK", "ID_BRANCH") VALUES ('RANGO #01', 'GESTION METRO CASEROS', 'Si', 'IPV. 4', '10.210.196.0', '24', '104');
INSERT INTO "BRANCH"("NAME", "DESCRIPTION", "RANK", "TYPE_IP", "IP_RANK", "PREFIXES_RANK", "ID_BRANCH") VALUES ('RANGO #02', 'GESTION METRO CASEROS', 'Si', 'IPV. 4', '10.211.13.0', '24', '104');
INSERT INTO "BRANCH"("NAME", "DESCRIPTION", "RANK", "TYPE_IP", "IP_RANK", "PREFIXES_RANK", "ID_BRANCH") VALUES ('TC2500-AGG-02', 'GESTION METRO LA PLATA', 'No', NULL, NULL, NULL, '12');
INSERT INTO "BRANCH"("NAME", "DESCRIPTION", "RANK", "TYPE_IP", "IP_RANK", "PREFIXES_RANK", "ID_BRANCH") VALUES ('RANGO #01', 'GESTION METRO LA PLATA', 'Si', 'IPV. 4', '10.210.215.0', '24', '107');
INSERT INTO "BRANCH"("NAME", "DESCRIPTION", "RANK", "TYPE_IP", "IP_RANK", "PREFIXES_RANK", "ID_BRANCH") VALUES ('RANGO #02', 'GESTION METRO LA PLATA', 'Si', 'IPV. 4', '10.210.188.0', '24', '107');
INSERT INTO "BRANCH"("NAME", "DESCRIPTION", "RANK", "TYPE_IP", "IP_RANK", "PREFIXES_RANK", "ID_BRANCH") VALUES ('C2767-AGG-01', 'GESTION METRO AVELLANEDA', 'No', NULL, NULL, NULL, '12');
INSERT INTO "BRANCH"("NAME", "DESCRIPTION", "RANK", "TYPE_IP", "IP_RANK", "PREFIXES_RANK", "ID_BRANCH") VALUES ('RANGO #01', 'GESTION METRO AVELLANEDA', 'Si', 'IPV. 4', '10.210.201.0', '24', '110');
INSERT INTO "BRANCH"("NAME", "DESCRIPTION", "RANK", "TYPE_IP", "IP_RANK", "PREFIXES_RANK", "ID_BRANCH") VALUES ('BA900-AGG-01', 'GESTION METRO CHACABUCO', 'No', NULL, NULL, NULL, '12');
INSERT INTO "BRANCH"("NAME", "DESCRIPTION", "RANK", "TYPE_IP", "IP_RANK", "PREFIXES_RANK", "ID_BRANCH") VALUES ('RANGO #01', 'GESTION METRO CHACABUCO', 'Si', 'IPV. 4', '10.211.46.0', '24', '112');
INSERT INTO "BRANCH"("NAME", "DESCRIPTION", "RANK", "TYPE_IP", "IP_RANK", "PREFIXES_RANK", "ID_BRANCH") VALUES ('BA197-AGG-01', 'CHIVILCOY', 'No', NULL, NULL, NULL, '12');
INSERT INTO "BRANCH"("NAME", "DESCRIPTION", "RANK", "TYPE_IP", "IP_RANK", "PREFIXES_RANK", "ID_BRANCH") VALUES ('RANGO #01', 'GESTION METRO CHIVILCOY', 'Si', 'IPV. 4', '10.210.76.0', '24', '114');
INSERT INTO "BRANCH"("NAME", "DESCRIPTION", "RANK", "TYPE_IP", "IP_RANK", "PREFIXES_RANK", "ID_BRANCH") VALUES ('CF069-AGG-01', 'DIRECTORIO', 'No', NULL, NULL, NULL, '12');
INSERT INTO "BRANCH"("NAME", "DESCRIPTION", "RANK", "TYPE_IP", "IP_RANK", "PREFIXES_RANK", "ID_BRANCH") VALUES ('RANGO #03', 'DIRECTORIO', 'Si', 'IPV. 4', '10.211.47.0', '24', '116');
INSERT INTO "BRANCH"("NAME", "DESCRIPTION", "RANK", "TYPE_IP", "IP_RANK", "PREFIXES_RANK", "ID_BRANCH") VALUES ('BA718-AGG-01', 'DOLORES', 'No', NULL, NULL, NULL, '12');
INSERT INTO "BRANCH"("NAME", "DESCRIPTION", "RANK", "TYPE_IP", "IP_RANK", "PREFIXES_RANK", "ID_BRANCH") VALUES ('RANGO #01', 'DOLORES', 'Si', 'IPV. 4', '10.211.48.0', '24', '118');
INSERT INTO "BRANCH"("NAME", "DESCRIPTION", "RANK", "TYPE_IP", "IP_RANK", "PREFIXES_RANK", "ID_BRANCH") VALUES ('RANGO #02', 'PARA ASIGNAR /24', 'Si', 'IPV. 4', '190.220.131.0', '24', '50');
INSERT INTO "BRANCH"("NAME", "DESCRIPTION", "RANK", "TYPE_IP", "IP_RANK", "PREFIXES_RANK", "ID_BRANCH") VALUES ('RANGO #01', 'PARA ASIGNAR /28', 'Si', 'IPV. 4', '190.220.130.0', '24', '54');
INSERT INTO "BRANCH"("NAME", "DESCRIPTION", "RANK", "TYPE_IP", "IP_RANK", "PREFIXES_RANK", "ID_BRANCH") VALUES ('RANGO #02', 'PARA ASIGNAR /28', 'Si', 'IPV. 4', '190.220.151.0', '24', '54');
INSERT INTO "BRANCH"("NAME", "DESCRIPTION", "RANK", "TYPE_IP", "IP_RANK", "PREFIXES_RANK", "ID_BRANCH") VALUES ('RANGO #01', 'PARA ASIGNAR /27', 'Si', 'IPV. 4', '190.220.27.0', '24', '53');
INSERT INTO "BRANCH"("NAME", "DESCRIPTION", "RANK", "TYPE_IP", "IP_RANK", "PREFIXES_RANK", "ID_BRANCH") VALUES ('RANGO #02', 'PARA ASIGNAR /27', 'Si', 'IPV. 4', '190.220.156.0', '27', '53');
INSERT INTO "BRANCH"("NAME", "DESCRIPTION", "RANK", "TYPE_IP", "IP_RANK", "PREFIXES_RANK", "ID_BRANCH") VALUES ('RANGO #01', 'PARA ASIGNAR RANGOS /26', 'Si', 'IPV. 4', '190.220.28.0', '24', '52');
INSERT INTO "BRANCH"("NAME", "DESCRIPTION", "RANK", "TYPE_IP", "IP_RANK", "PREFIXES_RANK", "ID_BRANCH") VALUES ('RANGO #02', 'PARA ASIGNAR RANGOS /26', 'Si', 'IPV. 4', '190.3.95.0', '24', '52');
INSERT INTO "BRANCH"("NAME", "DESCRIPTION", "RANK", "TYPE_IP", "IP_RANK", "PREFIXES_RANK", "ID_BRANCH") VALUES ('138.36.54.0/23', 'RANGO IP PUBLICAS', 'No', NULL, NULL, NULL, '7');
INSERT INTO "BRANCH"("NAME", "DESCRIPTION", "RANK", "TYPE_IP", "IP_RANK", "PREFIXES_RANK", "ID_BRANCH") VALUES ('RANGO #01', 'PUBLICO', 'Si', 'IPV. 4', '138.36.54.0', '24', '127');
INSERT INTO "BRANCH"("NAME", "DESCRIPTION", "RANK", "TYPE_IP", "IP_RANK", "PREFIXES_RANK", "ID_BRANCH") VALUES ('RANGO #02', 'PUBLICO', 'Si', 'IPV. 4', '138.36.55.0', '24', '127');
INSERT INTO "BRANCH"("NAME", "DESCRIPTION", "RANK", "TYPE_IP", "IP_RANK", "PREFIXES_RANK", "ID_BRANCH") VALUES ('190.220.0/16', 'PUBLICO', 'No', NULL, NULL, NULL, '7');
INSERT INTO "BRANCH"("NAME", "DESCRIPTION", "RANK", "TYPE_IP", "IP_RANK", "PREFIXES_RANK", "ID_BRANCH") VALUES ('RANGO #01', 'PUBLICO', 'Si', 'IPV. 4', '190.220.0.0', '24', '130');
INSERT INTO "BRANCH"("NAME", "DESCRIPTION", "RANK", "TYPE_IP", "IP_RANK", "PREFIXES_RANK", "ID_BRANCH") VALUES ('RANGO #02', 'PUBLICO', 'Si', 'IPV. 4', '190.220.1.0', '24', '130');
INSERT INTO "BRANCH"("NAME", "DESCRIPTION", "RANK", "TYPE_IP", "IP_RANK", "PREFIXES_RANK", "ID_BRANCH") VALUES ('RANGO #03', 'PUBLICO', 'Si', 'IPV. 4', '190.220.2.0', '24', '130');
INSERT INTO "BRANCH"("NAME", "DESCRIPTION", "RANK", "TYPE_IP", "IP_RANK", "PREFIXES_RANK", "ID_BRANCH") VALUES ('RANGO #04', 'PUBLICO', 'Si', 'IPV. 4', '190.220.3.0', '24', '130');

INSERT INTO "LIST_PROVINCES"("NAME", "ID_COUNTRIES") VALUES ('CIUDAD AUTNOMA DE BUENOS AIRES', '1');
INSERT INTO "LIST_PROVINCES"("NAME", "ID_COUNTRIES") VALUES ('BUENOS AIRES', '1');
INSERT INTO "LIST_PROVINCES"("NAME", "ID_COUNTRIES") VALUES ('CATAMARA', '1');
INSERT INTO "LIST_PROVINCES"("NAME", "ID_COUNTRIES") VALUES ('CRDOBA', '1');
INSERT INTO "LIST_PROVINCES"("NAME", "ID_COUNTRIES") VALUES ('CORRIENTES', '1');
INSERT INTO "LIST_PROVINCES"("NAME", "ID_COUNTRIES") VALUES ('ENTRE ROS', '1');
INSERT INTO "LIST_PROVINCES"("NAME", "ID_COUNTRIES") VALUES ('JUJUY', '1');
INSERT INTO "LIST_PROVINCES"("NAME", "ID_COUNTRIES") VALUES ('MENDOZA', '1');
INSERT INTO "LIST_PROVINCES"("NAME", "ID_COUNTRIES") VALUES ('LA RIOJA', '1');
INSERT INTO "LIST_PROVINCES"("NAME", "ID_COUNTRIES") VALUES ('SALTA', '1');
INSERT INTO "LIST_PROVINCES"("NAME", "ID_COUNTRIES") VALUES ('SAN JUAN', '1');
INSERT INTO "LIST_PROVINCES"("NAME", "ID_COUNTRIES") VALUES ('SAN LUIS', '1');
INSERT INTO "LIST_PROVINCES"("NAME", "ID_COUNTRIES") VALUES ('SANTA FE', '1');
INSERT INTO "LIST_PROVINCES"("NAME", "ID_COUNTRIES") VALUES ('SANTIAGO DEL ESTERO', '1');
INSERT INTO "LIST_PROVINCES"("NAME", "ID_COUNTRIES") VALUES ('TUCUMN', '1');
INSERT INTO "LIST_PROVINCES"("NAME", "ID_COUNTRIES") VALUES ('CHACO', '1');
INSERT INTO "LIST_PROVINCES"("NAME", "ID_COUNTRIES") VALUES ('CHUBUT', '1');
INSERT INTO "LIST_PROVINCES"("NAME", "ID_COUNTRIES") VALUES ('FORMOSA', '1');
INSERT INTO "LIST_PROVINCES"("NAME", "ID_COUNTRIES") VALUES ('MISIONES', '1');
INSERT INTO "LIST_PROVINCES"("NAME", "ID_COUNTRIES") VALUES ('NEUQUN', '1');
INSERT INTO "LIST_PROVINCES"("NAME", "ID_COUNTRIES") VALUES ('LA PAMPA', '1');
INSERT INTO "LIST_PROVINCES"("NAME", "ID_COUNTRIES") VALUES ('RO NEGRO', '1');
INSERT INTO "LIST_PROVINCES"("NAME", "ID_COUNTRIES") VALUES ('SANTA CRUZ', '1');
INSERT INTO "LIST_PROVINCES"("NAME", "ID_COUNTRIES") VALUES ('TIERRA DEL FUEGO', '1');
INSERT INTO "LIST_PROVINCES"("NAME", "ID_COUNTRIES") VALUES ('ARTIGAS', '2');
INSERT INTO "LIST_PROVINCES"("NAME", "ID_COUNTRIES") VALUES ('CANELONES', '2');
INSERT INTO "LIST_PROVINCES"("NAME", "ID_COUNTRIES") VALUES ('CERRO LARGO', '2');
INSERT INTO "LIST_PROVINCES"("NAME", "ID_COUNTRIES") VALUES ('COLONIA', '2');
INSERT INTO "LIST_PROVINCES"("NAME", "ID_COUNTRIES") VALUES ('DURAZNO', '2');
INSERT INTO "LIST_PROVINCES"("NAME", "ID_COUNTRIES") VALUES ('FLORES', '2');
INSERT INTO "LIST_PROVINCES"("NAME", "ID_COUNTRIES") VALUES ('FLORIDA', '2');
INSERT INTO "LIST_PROVINCES"("NAME", "ID_COUNTRIES") VALUES ('LAVALLEJA', '2');
INSERT INTO "LIST_PROVINCES"("NAME", "ID_COUNTRIES") VALUES ('MALDONADO', '2');
INSERT INTO "LIST_PROVINCES"("NAME", "ID_COUNTRIES") VALUES ('MONTEVIDEO', '2');
INSERT INTO "LIST_PROVINCES"("NAME", "ID_COUNTRIES") VALUES ('PAYSAND', '2');
INSERT INTO "LIST_PROVINCES"("NAME", "ID_COUNTRIES") VALUES ('RO NEGRO', '2');
INSERT INTO "LIST_PROVINCES"("NAME", "ID_COUNTRIES") VALUES ('RIVERA', '2');
INSERT INTO "LIST_PROVINCES"("NAME", "ID_COUNTRIES") VALUES ('ROCHA', '2');
INSERT INTO "LIST_PROVINCES"("NAME", "ID_COUNTRIES") VALUES ('SALTO', '2');
INSERT INTO "LIST_PROVINCES"("NAME", "ID_COUNTRIES") VALUES ('SAN JOS', '2');
INSERT INTO "LIST_PROVINCES"("NAME", "ID_COUNTRIES") VALUES ('SORIANO', '2');
INSERT INTO "LIST_PROVINCES"("NAME", "ID_COUNTRIES") VALUES ('TACUAREMB', '2');
INSERT INTO "LIST_PROVINCES"("NAME", "ID_COUNTRIES") VALUES ('TREINTA Y TRES', '2');
INSERT INTO "LIST_PROVINCES"("NAME", "ID_COUNTRIES") VALUES ('DISTRITO CAPITAL', '3');
INSERT INTO "LIST_PROVINCES"("NAME", "ID_COUNTRIES") VALUES ('ALTO PARAGUAY', '3');
INSERT INTO "LIST_PROVINCES"("NAME", "ID_COUNTRIES") VALUES ('ALTO PARAN', '3');
INSERT INTO "LIST_PROVINCES"("NAME", "ID_COUNTRIES") VALUES ('AMAMBAY', '3');
INSERT INTO "LIST_PROVINCES"("NAME", "ID_COUNTRIES") VALUES ('BOQUERN', '3');
INSERT INTO "LIST_PROVINCES"("NAME", "ID_COUNTRIES") VALUES ('CAAGUAZ', '3');
INSERT INTO "LIST_PROVINCES"("NAME", "ID_COUNTRIES") VALUES ('CAAZAP', '3');
INSERT INTO "LIST_PROVINCES"("NAME", "ID_COUNTRIES") VALUES ('CANINDEY', '3');
INSERT INTO "LIST_PROVINCES"("NAME", "ID_COUNTRIES") VALUES ('CENTRAL', '3');
INSERT INTO "LIST_PROVINCES"("NAME", "ID_COUNTRIES") VALUES ('CONCEPCIN', '3');
INSERT INTO "LIST_PROVINCES"("NAME", "ID_COUNTRIES") VALUES ('CORDILLERA', '3');
INSERT INTO "LIST_PROVINCES"("NAME", "ID_COUNTRIES") VALUES ('GUAIR', '3');
INSERT INTO "LIST_PROVINCES"("NAME", "ID_COUNTRIES") VALUES ('ITAPA', '3');
INSERT INTO "LIST_PROVINCES"("NAME", "ID_COUNTRIES") VALUES ('MISIONES', '3');
INSERT INTO "LIST_PROVINCES"("NAME", "ID_COUNTRIES") VALUES ('EEMBUC', '3');
INSERT INTO "LIST_PROVINCES"("NAME", "ID_COUNTRIES") VALUES ('PARAGUAR', '3');
INSERT INTO "LIST_PROVINCES"("NAME", "ID_COUNTRIES") VALUES ('PRESIDENTE HAYES', '3');
INSERT INTO "LIST_PROVINCES"("NAME", "ID_COUNTRIES") VALUES ('SAN PEDRO', '3');
INSERT INTO "LIST_PROVINCES"("NAME", "ID_COUNTRIES") VALUES ('ARGENTINA', '1');
INSERT INTO "LIST_PROVINCES"("NAME", "ID_COUNTRIES") VALUES ('PARAGUAY', '3');
INSERT INTO "LIST_PROVINCES"("NAME", "ID_COUNTRIES") VALUES ('URUGUAY', '2');
INSERT INTO "LIST_PROVINCES"("NAME", "ID_COUNTRIES") VALUES ('EEUU', '9');

INSERT INTO "LIST_SERVICE_TYPE"("NAME", "REQUIRE_IP", "REQUIRE_RANK", "REQUIRE_BW", "REQUIRE_RELATED") VALUES ('0800', 'NO', 'NO', 'NO', 'NO');
INSERT INTO "LIST_SERVICE_TYPE"("NAME", "REQUIRE_IP", "REQUIRE_RANK", "REQUIRE_BW", "REQUIRE_RELATED") VALUES ('0810', 'NO', 'NO', 'NO', 'NO');
INSERT INTO "LIST_SERVICE_TYPE"("NAME", "REQUIRE_IP", "REQUIRE_RANK", "REQUIRE_BW", "REQUIRE_RELATED") VALUES ('0800 INTERNACIONAL', 'NO', 'NO', 'NO', 'NO');
INSERT INTO "LIST_SERVICE_TYPE"("NAME", "REQUIRE_IP", "REQUIRE_RANK", "REQUIRE_BW", "REQUIRE_RELATED") VALUES ('ANLISIS DE VULNERABILIDADES', 'NO', 'NO', 'NO', 'NO');
INSERT INTO "LIST_SERVICE_TYPE"("NAME", "REQUIRE_IP", "REQUIRE_RANK", "REQUIRE_BW", "REQUIRE_RELATED") VALUES ('ARRENDAMIENTO DE EQUIPOS', 'NO', 'NO', 'NO', 'NO');
INSERT INTO "LIST_SERVICE_TYPE"("NAME", "REQUIRE_IP", "REQUIRE_RANK", "REQUIRE_BW", "REQUIRE_RELATED") VALUES ('CGIP (CLIENTE)', 'NO', 'NO', 'SI', 'SI');
INSERT INTO "LIST_SERVICE_TYPE"("NAME", "REQUIRE_IP", "REQUIRE_RANK", "REQUIRE_BW", "REQUIRE_RELATED") VALUES ('CGIP (DATA CENTER)', 'NO', 'NO', 'SI', 'SI');
INSERT INTO "LIST_SERVICE_TYPE"("NAME", "REQUIRE_IP", "REQUIRE_RANK", "REQUIRE_BW", "REQUIRE_RELATED") VALUES ('COBERTURA MVIL', 'NO', 'NO', 'NO', 'NO');
INSERT INTO "LIST_SERVICE_TYPE"("NAME", "REQUIRE_IP", "REQUIRE_RANK", "REQUIRE_BW", "REQUIRE_RELATED") VALUES ('ENLACE DE DATOS', 'NO', 'NO', 'SI', 'NO');
INSERT INTO "LIST_SERVICE_TYPE"("NAME", "REQUIRE_IP", "REQUIRE_RANK", "REQUIRE_BW", "REQUIRE_RELATED") VALUES ('HOSTING COMPARTIDO', 'NO', 'NO', 'NO', 'NO');
INSERT INTO "LIST_SERVICE_TYPE"("NAME", "REQUIRE_IP", "REQUIRE_RANK", "REQUIRE_BW", "REQUIRE_RELATED") VALUES ('HOSTING DEDICADO', 'NO', 'NO', 'NO', 'NO');
INSERT INTO "LIST_SERVICE_TYPE"("NAME", "REQUIRE_IP", "REQUIRE_RANK", "REQUIRE_BW", "REQUIRE_RELATED") VALUES ('HOSTING VIRTUAL', 'NO', 'NO', 'NO', 'NO');
INSERT INTO "LIST_SERVICE_TYPE"("NAME", "REQUIRE_IP", "REQUIRE_RANK", "REQUIRE_BW", "REQUIRE_RELATED") VALUES ('HOUSING', 'NO', 'NO', 'NO', 'NO');
INSERT INTO "LIST_SERVICE_TYPE"("NAME", "REQUIRE_IP", "REQUIRE_RANK", "REQUIRE_BW", "REQUIRE_RELATED") VALUES ('HOUSING - DISCONTINUADO', 'NO', 'NO', 'NO', 'NO');
INSERT INTO "LIST_SERVICE_TYPE"("NAME", "REQUIRE_IP", "REQUIRE_RANK", "REQUIRE_BW", "REQUIRE_RELATED") VALUES ('INTERNET DEDICADO', 'SI', 'SI', 'SI', 'NO');
INSERT INTO "LIST_SERVICE_TYPE"("NAME", "REQUIRE_IP", "REQUIRE_RANK", "REQUIRE_BW", "REQUIRE_RELATED") VALUES ('INTERNET EMPRESARIAL', 'SI', 'SI', 'SI', 'NO');
INSERT INTO "LIST_SERVICE_TYPE"("NAME", "REQUIRE_IP", "REQUIRE_RANK", "REQUIRE_BW", "REQUIRE_RELATED") VALUES ('LAN ADMINISTRADA', 'NO', 'NO', 'NO', 'SI');
INSERT INTO "LIST_SERVICE_TYPE"("NAME", "REQUIRE_IP", "REQUIRE_RANK", "REQUIRE_BW", "REQUIRE_RELATED") VALUES ('LAN TO LAN', 'NO', 'NO', 'SI', 'NO');
INSERT INTO "LIST_SERVICE_TYPE"("NAME", "REQUIRE_IP", "REQUIRE_RANK", "REQUIRE_BW", "REQUIRE_RELATED") VALUES ('OTROS CARGOS', 'NO', 'NO', 'NO', 'NO');
INSERT INTO "LIST_SERVICE_TYPE"("NAME", "REQUIRE_IP", "REQUIRE_RANK", "REQUIRE_BW", "REQUIRE_RELATED") VALUES ('RPV MULTISERVICIOS', 'NO', 'NO', 'SI', 'NO');
INSERT INTO "LIST_SERVICE_TYPE"("NAME", "REQUIRE_IP", "REQUIRE_RANK", "REQUIRE_BW", "REQUIRE_RELATED") VALUES ('SEGURIDAD ADMINISTRADA', 'NO', 'NO', 'NO', 'SI');
INSERT INTO "LIST_SERVICE_TYPE"("NAME", "REQUIRE_IP", "REQUIRE_RANK", "REQUIRE_BW", "REQUIRE_RELATED") VALUES ('SERVICIOS PROFESIONALES', 'NO', 'NO', 'NO', 'NO');
INSERT INTO "LIST_SERVICE_TYPE"("NAME", "REQUIRE_IP", "REQUIRE_RANK", "REQUIRE_BW", "REQUIRE_RELATED") VALUES ('SERVICIOS PROFESIONALES DE SEGURIDAD', 'NO', 'NO', 'NO', 'NO');
INSERT INTO "LIST_SERVICE_TYPE"("NAME", "REQUIRE_IP", "REQUIRE_RANK", "REQUIRE_BW", "REQUIRE_RELATED") VALUES ('TRAMA IP', 'SI', 'SI', 'SI', 'SI');
INSERT INTO "LIST_SERVICE_TYPE"("NAME", "REQUIRE_IP", "REQUIRE_RANK", "REQUIRE_BW", "REQUIRE_RELATED") VALUES ('TRAMA LOCAL', 'NO', 'NO', 'SI', 'NO');
INSERT INTO "LIST_SERVICE_TYPE"("NAME", "REQUIRE_IP", "REQUIRE_RANK", "REQUIRE_BW", "REQUIRE_RELATED") VALUES ('VALOR AGREGADO', 'NO', 'NO', 'NO', 'NO');
INSERT INTO "LIST_SERVICE_TYPE"("NAME", "REQUIRE_IP", "REQUIRE_RANK", "REQUIRE_BW", "REQUIRE_RELATED") VALUES ('VIDEO CONFERENCIA IP', 'NO', 'NO', 'NO', 'SI');
INSERT INTO "LIST_SERVICE_TYPE"("NAME", "REQUIRE_IP", "REQUIRE_RANK", "REQUIRE_BW", "REQUIRE_RELATED") VALUES ('VIDEO VIGILANCIA IP', 'NO', 'NO', 'NO', 'SI');
